[debug] [2026-03-01T11:43:17.956Z] ----------------------------------------------------------------------
[debug] [2026-03-01T11:43:17.957Z] Command:       /Users/valentina/.nvm/versions/node/v18.20.8/bin/node /Users/valentina/.nvm/versions/node/v18.20.8/bin/firebase deploy --only hosting
[debug] [2026-03-01T11:43:17.957Z] CLI Version:   13.35.1
[debug] [2026-03-01T11:43:17.957Z] Platform:      darwin
[debug] [2026-03-01T11:43:17.958Z] Node Version:  v18.20.8
[debug] [2026-03-01T11:43:17.981Z] Time:          Sun Mar 01 2026 14:43:17 GMT+0300 (Moscow Standard Time)
[debug] [2026-03-01T11:43:17.981Z] ----------------------------------------------------------------------
[debug] 
[debug] [2026-03-01T11:43:18.075Z] Object "/hosting/frameworksBackend" in "firebase.json" has unknown property: {"additionalProperty":"runtime"}
[debug] [2026-03-01T11:43:18.075Z] Field "/hosting" in "firebase.json" is possibly invalid: must be array
[debug] [2026-03-01T11:43:18.075Z] Field "/hosting" in "firebase.json" is possibly invalid: must match a schema in anyOf
[debug] [2026-03-01T11:43:18.078Z] > command requires scopes: ["email","openid","https://www.googleapis.com/auth/cloudplatformprojects.readonly","https://www.googleapis.com/auth/firebase","https://www.googleapis.com/auth/cloud-platform"]
[debug] [2026-03-01T11:43:18.078Z] > authorizing via signed-in user (valentina@festobyte.com)
[debug] [2026-03-01T11:43:18.078Z] [iam] checking project esncash for permissions ["firebase.projects.get","firebasehosting.sites.update"]
[debug] [2026-03-01T11:43:18.079Z] Checked if tokens are valid: true, expires at: 1772368938699
[debug] [2026-03-01T11:43:18.079Z] Checked if tokens are valid: true, expires at: 1772368938699
[debug] [2026-03-01T11:43:18.079Z] >>> [apiv2][query] POST https://cloudresourcemanager.googleapis.com/v1/projects/esncash:testIamPermissions [none]
[debug] [2026-03-01T11:43:18.079Z] >>> [apiv2][(partial)header] POST https://cloudresourcemanager.googleapis.com/v1/projects/esncash:testIamPermissions x-goog-quota-user=projects/esncash
[debug] [2026-03-01T11:43:18.079Z] >>> [apiv2][body] POST https://cloudresourcemanager.googleapis.com/v1/projects/esncash:testIamPermissions {"permissions":["firebase.projects.get","firebasehosting.sites.update"]}
[debug] [2026-03-01T11:43:19.637Z] <<< [apiv2][status] POST https://cloudresourcemanager.googleapis.com/v1/projects/esncash:testIamPermissions 200
[debug] [2026-03-01T11:43:19.638Z] <<< [apiv2][body] POST https://cloudresourcemanager.googleapis.com/v1/projects/esncash:testIamPermissions {"permissions":["firebase.projects.get","firebasehosting.sites.update"]}
[debug] [2026-03-01T11:43:19.638Z] Checked if tokens are valid: true, expires at: 1772368938699
[debug] [2026-03-01T11:43:19.638Z] Checked if tokens are valid: true, expires at: 1772368938699
[debug] [2026-03-01T11:43:19.639Z] >>> [apiv2][query] GET https://firebase.googleapis.com/v1beta1/projects/esncash [none]
[debug] [2026-03-01T11:43:20.254Z] <<< [apiv2][status] GET https://firebase.googleapis.com/v1beta1/projects/esncash 200
[debug] [2026-03-01T11:43:20.254Z] <<< [apiv2][body] GET https://firebase.googleapis.com/v1beta1/projects/esncash {"projectId":"esncash","projectNumber":"398996048113","displayName":"ESN Cash","name":"projects/esncash","resources":{"hostingSite":"esncash"},"state":"ACTIVE","etag":"1_a3e114d8-1bbc-47b4-a18d-a7dd11365b63"}
[debug] [2026-03-01T11:43:21.702Z] defaultcredentials: writing to file /Users/valentina/.config/firebase/valentina_festobyte_com_application_default_credentials.json
[debug] [2026-03-01T11:43:21.702Z] Checked if tokens are valid: true, expires at: 1772368938699
[debug] [2026-03-01T11:43:21.702Z] Checked if tokens are valid: true, expires at: 1772368938699
[debug] [2026-03-01T11:43:21.703Z] >>> [apiv2][query] GET https://firebasehosting.googleapis.com/v1beta1/projects/esncash/sites pageToken=&pageSize=10
[debug] [2026-03-01T11:43:23.934Z] <<< [apiv2][status] GET https://firebasehosting.googleapis.com/v1beta1/projects/esncash/sites 200
[debug] [2026-03-01T11:43:23.934Z] <<< [apiv2][body] GET https://firebasehosting.googleapis.com/v1beta1/projects/esncash/sites {"sites":[{"name":"projects/esncash/sites/esncash","defaultUrl":"https://esncash.web.app","appId":"1:398996048113:web:fa4fcfb28ca2a5750f0150","type":"DEFAULT_SITE"}]}
[debug] [2026-03-01T11:43:23.935Z] Checked if tokens are valid: true, expires at: 1772368938699
[debug] [2026-03-01T11:43:23.935Z] Checked if tokens are valid: true, expires at: 1772368938699
[debug] [2026-03-01T11:43:23.935Z] >>> [apiv2][query] GET https://firebase.googleapis.com/v1beta1/projects/-/webApps/1:398996048113:web:fa4fcfb28ca2a5750f0150/config [none]
[debug] [2026-03-01T11:43:25.100Z] <<< [apiv2][status] GET https://firebase.googleapis.com/v1beta1/projects/-/webApps/1:398996048113:web:fa4fcfb28ca2a5750f0150/config 200
[debug] [2026-03-01T11:43:25.100Z] <<< [apiv2][body] GET https://firebase.googleapis.com/v1beta1/projects/-/webApps/1:398996048113:web:fa4fcfb28ca2a5750f0150/config {"projectId":"esncash","appId":"1:398996048113:web:fa4fcfb28ca2a5750f0150","storageBucket":"esncash.firebasestorage.app","apiKey":"AIzaSyA5E0wI6Ekgkp_YssJ_GWAHPYkVMRGDEvs","authDomain":"esncash.firebaseapp.com","messagingSenderId":"398996048113","measurementId":"G-JC7W8PHC7W","projectNumber":"398996048113","version":"2"}
[info] 
   Thank you for trying our early preview of Next.js support on Firebase Hosting.
   During the preview, support is best-effort and breaking changes can be expected. Proceed with caution.

   Documentation: https://firebase.google.com/docs/hosting/frameworks/nextjs
   File a bug: https://github.com/firebase/firebase-tools/issues/new?template=bug_report.md
   Submit a feature request: https://github.com/firebase/firebase-tools/issues/new?template=feature_request.md

   We'd love to learn from you. Express your interest in helping us shape the future of Firebase Hosting: https://goo.gle/41enW5X

[debug] [2026-03-01T11:43:27.571Z] Checked if tokens are valid: true, expires at: 1772368938699
[debug] [2026-03-01T11:43:27.571Z] Checked if tokens are valid: true, expires at: 1772368938699
[debug] [2026-03-01T11:43:27.571Z] >>> [apiv2][query] GET https://firebasehosting.googleapis.com/v1beta1/projects/esncash/sites/esncash [none]
[debug] [2026-03-01T11:43:28.747Z] <<< [apiv2][status] GET https://firebasehosting.googleapis.com/v1beta1/projects/esncash/sites/esncash 200
[debug] [2026-03-01T11:43:28.748Z] <<< [apiv2][body] GET https://firebasehosting.googleapis.com/v1beta1/projects/esncash/sites/esncash {"name":"projects/esncash/sites/esncash","defaultUrl":"https://esncash.web.app","appId":"1:398996048113:web:fa4fcfb28ca2a5750f0150","type":"DEFAULT_SITE"}
[info]   ▲ Next.js 14.2.35

[info]   - Environments: .env.local


[info]    Creating an optimized production build ...

[info]  ✓ Compiled successfully

[info]    Linting and checking validity of types ...

[info]    Collecting page data ...

[info]    Generating static pages (0/22) ...

[info]    Generating static pages (5/22) 

[info]    Generating static pages (10/22) 

[info]    Generating static pages (16/22) 

[info]  ✓ Generating static pages (22/22)

[info]    Finalizing page optimization ...

[info]    Collecting build traces ...

[info] 

[info] Route (app)                              Size     First Load JS
┌ ○ /_not-found                          877 B          88.5 kB
├ ƒ /api/dashboard/stats                 0 B                0 B
├ ○ /api/logout/dashboard/stats          0 B                0 B
├ ○ /api/users                           0 B                0 B
├ ○ /dashboard                           3.61 kB         212 kB
├ ○ /loans                               2.38 kB         211 kB
├ ƒ /loans/[id]                          2.77 kB         211 kB
├ ○ /loans/active                        1.88 kB         211 kB
├ ○ /loans/collected                     1.93 kB         211 kB
├ ○ /loans/create                        7.1 kB          216 kB
├ ○ /loans/issued                        1.87 kB         211 kB
├ ○ /loans/overdue                       2.05 kB         211 kB
├ ○ /loans/today_collection              9.04 kB         218 kB
├ ○ /login                               2.82 kB         212 kB
├ ○ /register                            1.53 kB         210 kB
├ ○ /reports                             239 kB          447 kB
├ ○ /reports/sales                       1.37 kB        97.8 kB
├ ○ /settings                            4.2 kB          204 kB
├ ○ /staff                               2.15 kB         211 kB
├ ○ /staff/approval                      1.89 kB         211 kB
└ ○ /staff/new                           1.34 kB        97.7 kB
+ First Load JS shared by all            87.6 kB
  ├ chunks/117-72cee09f19cb67c7.js       31.9 kB
  ├ chunks/fd9d1056-b269926aa472f095.js  53.6 kB
  └ other shared chunks (total)          2.09 kB


ƒ Middleware                             25.9 kB


[info] ○  (Static)   prerendered as static content
ƒ  (Dynamic)  server-rendered on demand


[info] Building a Cloud Function to run this application. This is needed due to:
[info]  • middleware
[info]  • non-static component /api/dashboard/stats/route
[info]  • non-static component /(protected)/loans/[id]/page
[info] 
[debug] [2026-03-01T11:43:45.354Z] skipping /loans/create due to it matching an unsupported rewrite/redirect/header or middlware
[debug] [2026-03-01T11:43:45.354Z] skipping /loans/overdue due to it matching an unsupported rewrite/redirect/header or middlware
[debug] [2026-03-01T11:43:45.354Z] skipping /loans/issued due to it matching an unsupported rewrite/redirect/header or middlware
[debug] [2026-03-01T11:43:45.354Z] skipping /loans/collected due to it matching an unsupported rewrite/redirect/header or middlware
[debug] [2026-03-01T11:43:45.354Z] skipping /reports/sales due to it matching an unsupported rewrite/redirect/header or middlware
[debug] [2026-03-01T11:43:45.354Z] skipping /loans/active due to it matching an unsupported rewrite/redirect/header or middlware
[debug] [2026-03-01T11:43:45.354Z] skipping /loans due to it matching an unsupported rewrite/redirect/header or middlware
[debug] [2026-03-01T11:43:45.354Z] skipping /staff due to it matching an unsupported rewrite/redirect/header or middlware
[debug] [2026-03-01T11:43:45.354Z] skipping /staff/approval due to it matching an unsupported rewrite/redirect/header or middlware
[debug] [2026-03-01T11:43:45.354Z] skipping /staff/new due to it matching an unsupported rewrite/redirect/header or middlware
[debug] [2026-03-01T11:43:45.354Z] skipping /settings due to it matching an unsupported rewrite/redirect/header or middlware
[debug] [2026-03-01T11:43:45.354Z] skipping /loans/today_collection due to it matching an unsupported rewrite/redirect/header or middlware
[debug] [2026-03-01T11:43:45.354Z] skipping /dashboard due to it matching an unsupported rewrite/redirect/header or middlware
[debug] [2026-03-01T11:43:45.354Z] skipping /reports due to it matching an unsupported rewrite/redirect/header or middlware
[debug] [2026-03-01T11:43:45.354Z] skipping /404 due to it matching an unsupported rewrite/redirect/header or middlware
[debug] [2026-03-01T11:43:47.027Z] Checked if tokens are valid: true, expires at: 1772368938699
[debug] [2026-03-01T11:43:47.027Z] Checked if tokens are valid: true, expires at: 1772368938699
[debug] [2026-03-01T11:43:47.027Z] >>> [apiv2][query] GET https://firebasehosting.googleapis.com/v1beta1/projects/esncash/sites/esncash [none]
[debug] [2026-03-01T11:43:48.549Z] <<< [apiv2][status] GET https://firebasehosting.googleapis.com/v1beta1/projects/esncash/sites/esncash 200
[debug] [2026-03-01T11:43:48.549Z] <<< [apiv2][body] GET https://firebasehosting.googleapis.com/v1beta1/projects/esncash/sites/esncash {"name":"projects/esncash/sites/esncash","defaultUrl":"https://esncash.web.app","appId":"1:398996048113:web:fa4fcfb28ca2a5750f0150","type":"DEFAULT_SITE"}
[debug] [2026-03-01T11:44:41.988Z] [web frameworks] effective firebase.json:  {
  "hosting": [
    {
      "source": ".",
      "frameworksBackend": {
        "region": "us-central1",
        "runtime": "nodejs20"
      },
      "site": "esncash",
      "rewrites": [
        {
          "source": "**",
          "function": {
            "functionId": "ssresncash",
            "region": "us-central1",
            "pinTag": true
          }
        }
      ],
      "redirects": [],
      "headers": [
        {
          "source": "/_not-found",
          "headers": [
            {
              "key": "x-next-cache-tags",
              "value": "_N_T_/layout,_N_T_/_not-found/layout,_N_T_/_not-found/page,_N_T_/_not-found"
            }
          ]
        },
        {
          "source": "/api/logout/dashboard/stats",
          "headers": [
            {
              "key": "content-type",
              "value": "application/json"
            },
            {
              "key": "x-next-cache-tags",
              "value": "_N_T_/layout,_N_T_/api/layout,_N_T_/api/logout/layout,_N_T_/api/logout/dashboard/layout,_N_T_/api/logout/dashboard/stats/layout,_N_T_/api/logout/dashboard/stats/route,_N_T_/api/logout/dashboard/stats"
            }
          ]
        },
        {
          "source": "/api/users",
          "headers": [
            {
              "key": "content-type",
              "value": "application/json"
            },
            {
              "key": "x-next-cache-tags",
              "value": "_N_T_/layout,_N_T_/api/layout,_N_T_/api/users/layout,_N_T_/api/users/route,_N_T_/api/users"
            }
          ]
        },
        {
          "source": "/favicon.ico",
          "headers": [
            {
              "key": "cache-control",
              "value": "public, max-age=0, must-revalidate"
            },
            {
              "key": "content-type",
              "value": "image/x-icon"
            },
            {
              "key": "x-next-cache-tags",
              "value": "_N_T_/layout,_N_T_/favicon.ico/layout,_N_T_/favicon.ico/route,_N_T_/favicon.ico"
            }
          ]
        },
        {
          "source": "/reports",
          "headers": [
            {
              "key": "x-next-cache-tags",
              "value": "_N_T_/layout,_N_T_/(protected)/layout,_N_T_/(protected)/reports/layout,_N_T_/(protected)/reports/page,_N_T_/reports"
            }
          ]
        },
        {
          "source": "/loans",
          "headers": [
            {
              "key": "x-next-cache-tags",
              "value": "_N_T_/layout,_N_T_/(protected)/layout,_N_T_/(protected)/loans/layout,_N_T_/(protected)/loans/page,_N_T_/loans"
            }
          ]
        },
        {
          "source": "/staff",
          "headers": [
            {
              "key": "x-next-cache-tags",
              "value": "_N_T_/layout,_N_T_/(protected)/layout,_N_T_/(protected)/staff/layout,_N_T_/(protected)/staff/page,_N_T_/staff"
            }
          ]
        },
        {
          "source": "**/*.[jt]s",
          "headers": [
            {
              "key": "Set-Cookie",
              "value": "__FIREBASE_DEFAULTS__=eyJjb25maWciOnsicHJvamVjdElkIjoiZXNuY2FzaCIsImFwcElkIjoiMTozOTg5OTYwNDgxMTM6d2ViOmZhNGZjZmIyOGNhMmE1NzUwZjAxNTAiLCJzdG9yYWdlQnVja2V0IjoiZXNuY2FzaC5maXJlYmFzZXN0b3JhZ2UuYXBwIiwiYXBpS2V5IjoiQUl6YVN5QTVFMHdJNkVrZ2twX1lzc0pfR1dBSFBZa1ZNUkdERXZzIiwiYXV0aERvbWFpbiI6ImVzbmNhc2guZmlyZWJhc2VhcHAuY29tIiwibWVzc2FnaW5nU2VuZGVySWQiOiIzOTg5OTYwNDgxMTMiLCJtZWFzdXJlbWVudElkIjoiRy1KQzdXOFBIQzdXIiwicHJvamVjdE51bWJlciI6IjM5ODk5NjA0ODExMyIsInZlcnNpb24iOiIyIn0sIl9hdXRoVG9rZW5TeW5jVVJMIjoiL19fc2Vzc2lvbiJ9; SameSite=Strict; Expires=2028-01-24T22:24:41.987Z; Path=/;"
            }
          ]
        }
      ],
      "cleanUrls": true,
      "trailingSlash": false,
      "public": ".firebase/esncash/hosting",
      "webFramework": "next_ssr"
    }
  ],
  "functions": [
    {
      "source": ".firebase/esncash/functions",
      "codebase": "firebase-frameworks-esncash"
    }
  ]
}
[debug] [2026-03-01T11:44:41.992Z] > command requires scopes: ["email","openid","https://www.googleapis.com/auth/cloudplatformprojects.readonly","https://www.googleapis.com/auth/firebase","https://www.googleapis.com/auth/cloud-platform"]
[debug] [2026-03-01T11:44:41.992Z] > authorizing via signed-in user (valentina@festobyte.com)
[debug] [2026-03-01T11:44:41.992Z] [iam] checking project esncash for permissions ["cloudfunctions.functions.create","cloudfunctions.functions.delete","cloudfunctions.functions.get","cloudfunctions.functions.list","cloudfunctions.functions.update","cloudfunctions.operations.get","firebase.projects.get"]
[debug] [2026-03-01T11:44:41.993Z] Checked if tokens are valid: true, expires at: 1772368938699
[debug] [2026-03-01T11:44:41.993Z] Checked if tokens are valid: true, expires at: 1772368938699
[debug] [2026-03-01T11:44:41.993Z] >>> [apiv2][query] POST https://cloudresourcemanager.googleapis.com/v1/projects/esncash:testIamPermissions [none]
[debug] [2026-03-01T11:44:41.993Z] >>> [apiv2][(partial)header] POST https://cloudresourcemanager.googleapis.com/v1/projects/esncash:testIamPermissions x-goog-quota-user=projects/esncash
[debug] [2026-03-01T11:44:41.993Z] >>> [apiv2][body] POST https://cloudresourcemanager.googleapis.com/v1/projects/esncash:testIamPermissions {"permissions":["cloudfunctions.functions.create","cloudfunctions.functions.delete","cloudfunctions.functions.get","cloudfunctions.functions.list","cloudfunctions.functions.update","cloudfunctions.operations.get","firebase.projects.get"]}
[debug] [2026-03-01T11:44:43.562Z] <<< [apiv2][status] POST https://cloudresourcemanager.googleapis.com/v1/projects/esncash:testIamPermissions 200
[debug] [2026-03-01T11:44:43.562Z] <<< [apiv2][body] POST https://cloudresourcemanager.googleapis.com/v1/projects/esncash:testIamPermissions {"permissions":["cloudfunctions.functions.create","cloudfunctions.functions.delete","cloudfunctions.functions.get","cloudfunctions.functions.list","cloudfunctions.functions.update","cloudfunctions.operations.get","firebase.projects.get"]}
[debug] [2026-03-01T11:44:43.563Z] Checked if tokens are valid: true, expires at: 1772368938699
[debug] [2026-03-01T11:44:43.563Z] Checked if tokens are valid: true, expires at: 1772368938699
[debug] [2026-03-01T11:44:43.563Z] >>> [apiv2][query] GET https://cloudfunctions.googleapis.com/v1/projects/esncash/locations/-/functions [none]
[debug] [2026-03-01T11:44:44.770Z] <<< [apiv2][status] GET https://cloudfunctions.googleapis.com/v1/projects/esncash/locations/-/functions 200
[debug] [2026-03-01T11:44:44.771Z] <<< [apiv2][body] GET https://cloudfunctions.googleapis.com/v1/projects/esncash/locations/-/functions {}
[debug] [2026-03-01T11:44:44.772Z] Checked if tokens are valid: true, expires at: 1772368938699
[debug] [2026-03-01T11:44:44.772Z] Checked if tokens are valid: true, expires at: 1772368938699
[debug] [2026-03-01T11:44:44.772Z] >>> [apiv2][query] GET https://cloudfunctions.googleapis.com/v2/projects/esncash/locations/-/functions filter=environment%3D%22GEN_2%22
[debug] [2026-03-01T11:44:46.054Z] <<< [apiv2][status] GET https://cloudfunctions.googleapis.com/v2/projects/esncash/locations/-/functions 200
[debug] [2026-03-01T11:44:46.054Z] <<< [apiv2][body] GET https://cloudfunctions.googleapis.com/v2/projects/esncash/locations/-/functions {"functions":[{"name":"projects/esncash/locations/us-central1/functions/ssresncash","buildConfig":{"build":"projects/398996048113/locations/us-central1/builds/44ce1650-23a7-4236-919f-b1bf52c17a3f","runtime":"nodejs20","entryPoint":"ssresncash","source":{"storageSource":{"bucket":"gcf-v2-sources-398996048113-us-central1","object":"ssresncash/function-source.zip","generation":"1771836092562870"}},"environmentVariables":{"GOOGLE_NODE_RUN_SCRIPTS":""},"dockerRepository":"projects/esncash/locations/us-central1/repositories/gcf-artifacts","sourceProvenance":{"resolvedStorageSource":{"bucket":"gcf-v2-sources-398996048113-us-central1","object":"ssresncash/function-source.zip","generation":"1771836092562870"}},"dockerRegistry":"ARTIFACT_REGISTRY","serviceAccount":"projects/esncash/serviceAccounts/398996048113-compute@developer.gserviceaccount.com","automaticUpdatePolicy":{}},"state":"UNKNOWN","updateTime":"2026-02-28T15:08:14.873461524Z","labels":{"deployment-tool":"cli-firebase","firebase-functions-codebase":"firebase-frameworks-esncash","firebase-functions-hash":"44110cc86990f3099baa39c7c8eaa4be2547abb0"},"stateMessages":[{"severity":"ERROR","type":"CloudRunServiceNotFound","message":"Cloud Run service projects/esncash/locations/us-central1/services/ssresncash for the function was not found. The function will not work correctly. Please redeploy."}],"environment":"GEN_2","url":"https://us-central1-esncash.cloudfunctions.net/ssresncash","createTime":"2026-02-23T08:41:33.185293055Z","satisfiesPzi":true}]}
[info] i  hosting: The following function(s) are pinned to site esncash and will be deployed as well: ssresncash 
[info] 
[info] === Deploying to 'esncash'...
[info] 
[info] i  deploying functions, hosting 
[debug] [2026-03-01T11:44:46.057Z] Checked if tokens are valid: true, expires at: 1772368938699
[debug] [2026-03-01T11:44:46.057Z] Checked if tokens are valid: true, expires at: 1772368938699
[debug] [2026-03-01T11:44:46.057Z] >>> [apiv2][query] GET https://cloudresourcemanager.googleapis.com/v1/projects/esncash [none]
[debug] [2026-03-01T11:44:47.821Z] <<< [apiv2][status] GET https://cloudresourcemanager.googleapis.com/v1/projects/esncash 200
[debug] [2026-03-01T11:44:47.822Z] <<< [apiv2][body] GET https://cloudresourcemanager.googleapis.com/v1/projects/esncash {"projectNumber":"398996048113","projectId":"esncash","lifecycleState":"ACTIVE","name":"ESN Cash","labels":{"firebase":"enabled","firebase-core":"disabled"},"createTime":"2025-09-25T14:06:55.249801Z","parent":{"type":"organization","id":"456068550513"}}
[info] i  functions: preparing codebase firebase-frameworks-esncash for deployment 
[info] i  functions: ensuring required API cloudfunctions.googleapis.com is enabled... 
[debug] [2026-03-01T11:44:47.823Z] Checked if tokens are valid: true, expires at: 1772368938699
[debug] [2026-03-01T11:44:47.823Z] Checked if tokens are valid: true, expires at: 1772368938699
[debug] [2026-03-01T11:44:47.824Z] Checked if tokens are valid: true, expires at: 1772368938699
[debug] [2026-03-01T11:44:47.824Z] Checked if tokens are valid: true, expires at: 1772368938699
[info] i  functions: ensuring required API cloudbuild.googleapis.com is enabled... 
[debug] [2026-03-01T11:44:47.824Z] Checked if tokens are valid: true, expires at: 1772368938699
[debug] [2026-03-01T11:44:47.824Z] Checked if tokens are valid: true, expires at: 1772368938699
[info] i  artifactregistry: ensuring required API artifactregistry.googleapis.com is enabled... 
[debug] [2026-03-01T11:44:47.824Z] Checked if tokens are valid: true, expires at: 1772368938699
[debug] [2026-03-01T11:44:47.824Z] Checked if tokens are valid: true, expires at: 1772368938699
[debug] [2026-03-01T11:44:47.824Z] >>> [apiv2][query] GET https://serviceusage.googleapis.com/v1/projects/esncash/services/cloudfunctions.googleapis.com [none]
[debug] [2026-03-01T11:44:47.824Z] >>> [apiv2][(partial)header] GET https://serviceusage.googleapis.com/v1/projects/esncash/services/cloudfunctions.googleapis.com x-goog-quota-user=projects/esncash
[debug] [2026-03-01T11:44:47.826Z] >>> [apiv2][query] GET https://serviceusage.googleapis.com/v1/projects/esncash/services/runtimeconfig.googleapis.com [none]
[debug] [2026-03-01T11:44:47.826Z] >>> [apiv2][(partial)header] GET https://serviceusage.googleapis.com/v1/projects/esncash/services/runtimeconfig.googleapis.com x-goog-quota-user=projects/esncash
[debug] [2026-03-01T11:44:47.827Z] >>> [apiv2][query] GET https://serviceusage.googleapis.com/v1/projects/esncash/services/cloudbuild.googleapis.com [none]
[debug] [2026-03-01T11:44:47.827Z] >>> [apiv2][(partial)header] GET https://serviceusage.googleapis.com/v1/projects/esncash/services/cloudbuild.googleapis.com x-goog-quota-user=projects/esncash
[debug] [2026-03-01T11:44:47.828Z] >>> [apiv2][query] GET https://serviceusage.googleapis.com/v1/projects/esncash/services/artifactregistry.googleapis.com [none]
[debug] [2026-03-01T11:44:47.828Z] >>> [apiv2][(partial)header] GET https://serviceusage.googleapis.com/v1/projects/esncash/services/artifactregistry.googleapis.com x-goog-quota-user=projects/esncash
[debug] [2026-03-01T11:44:49.865Z] <<< [apiv2][status] GET https://serviceusage.googleapis.com/v1/projects/esncash/services/runtimeconfig.googleapis.com 200
[debug] [2026-03-01T11:44:49.865Z] <<< [apiv2][body] GET https://serviceusage.googleapis.com/v1/projects/esncash/services/runtimeconfig.googleapis.com [omitted]
[debug] [2026-03-01T11:44:49.879Z] <<< [apiv2][status] GET https://serviceusage.googleapis.com/v1/projects/esncash/services/cloudbuild.googleapis.com 200
[debug] [2026-03-01T11:44:49.879Z] <<< [apiv2][body] GET https://serviceusage.googleapis.com/v1/projects/esncash/services/cloudbuild.googleapis.com [omitted]
[info] ✔  functions: required API cloudbuild.googleapis.com is enabled 
[debug] [2026-03-01T11:44:49.880Z] <<< [apiv2][status] GET https://serviceusage.googleapis.com/v1/projects/esncash/services/cloudfunctions.googleapis.com 200
[debug] [2026-03-01T11:44:49.880Z] <<< [apiv2][body] GET https://serviceusage.googleapis.com/v1/projects/esncash/services/cloudfunctions.googleapis.com [omitted]
[info] ✔  functions: required API cloudfunctions.googleapis.com is enabled 
[debug] [2026-03-01T11:44:49.880Z] <<< [apiv2][status] GET https://serviceusage.googleapis.com/v1/projects/esncash/services/artifactregistry.googleapis.com 200
[debug] [2026-03-01T11:44:49.880Z] <<< [apiv2][body] GET https://serviceusage.googleapis.com/v1/projects/esncash/services/artifactregistry.googleapis.com [omitted]
[info] ✔  artifactregistry: required API artifactregistry.googleapis.com is enabled 
[debug] [2026-03-01T11:44:49.880Z] Checked if tokens are valid: true, expires at: 1772368938699
[debug] [2026-03-01T11:44:49.880Z] Checked if tokens are valid: true, expires at: 1772368938699
[debug] [2026-03-01T11:44:49.880Z] >>> [apiv2][query] GET https://firebase.googleapis.com/v1beta1/projects/esncash/adminSdkConfig [none]
[debug] [2026-03-01T11:44:50.874Z] <<< [apiv2][status] GET https://firebase.googleapis.com/v1beta1/projects/esncash/adminSdkConfig 200
[debug] [2026-03-01T11:44:50.874Z] <<< [apiv2][body] GET https://firebase.googleapis.com/v1beta1/projects/esncash/adminSdkConfig {"projectId":"esncash","storageBucket":"esncash.firebasestorage.app"}
[debug] [2026-03-01T11:44:50.877Z] Checked if tokens are valid: true, expires at: 1772368938699
[debug] [2026-03-01T11:44:50.878Z] Checked if tokens are valid: true, expires at: 1772368938699
[debug] [2026-03-01T11:44:50.878Z] >>> [apiv2][query] GET https://runtimeconfig.googleapis.com/v1beta1/projects/esncash/configs [none]
[debug] [2026-03-01T11:44:51.793Z] <<< [apiv2][status] GET https://runtimeconfig.googleapis.com/v1beta1/projects/esncash/configs 200
[debug] [2026-03-01T11:44:51.793Z] <<< [apiv2][body] GET https://runtimeconfig.googleapis.com/v1beta1/projects/esncash/configs {}
[debug] [2026-03-01T11:44:51.802Z] Validating nodejs source
[warn] ⚠  functions: Runtime Node.js 20 will be deprecated on 2026-04-30 and will be decommissioned on 2026-10-31, after which you will not be able to deploy without upgrading. Consider upgrading now to avoid disruption. See https://cloud.google.com/functions/docs/runtime-support for full details on the lifecycle policy 
[debug] [2026-03-01T11:44:56.756Z] > [functions] package.json contents: {
  "name": "cash-loan-management-system",
  "version": "0.1.0",
  "private": true,
  "engines": {
    "node": "20"
  },
  "dependencies": {
    "@nextui-org/react": "^2.6.11",
    "@radix-ui/react-label": "^2.1.8",
    "@radix-ui/react-slot": "^1.2.4",
    "@tanstack/react-query": "^5.90.10",
    "@tanstack/react-query-devtools": "^5.90.2",
    "autoprefixer": "^10.4.19",
    "class-variance-authority": "^0.7.1",
    "clsx": "^2.1.1",
    "daisyui": "^4.12.10",
    "date-fns": "^4.1.0",
    "firebase": "^10.12.2",
    "firebase-admin": "^13.6.1",
    "firebase-functions": "^7.0.5",
    "html2canvas": "^1.4.1",
    "jspdf": "^3.0.4",
    "lucide-react": "^0.553.0",
    "next": "^14.2.3",
    "postcss": "^8.4.38",
    "react": "^18.2.0",
    "react-dom": "^18.2.0",
    "recharts": "^3.4.1",
    "tailwind-merge": "^3.4.0",
    "tailwindcss": "^3.4.3",
    "tailwindcss-animate": "^1.0.7",
    "zod": "^3.23.8",
    "firebase-frameworks": "^0.11.0"
  },
  "main": "server.js"
}
[debug] [2026-03-01T11:44:56.757Z] Building nodejs source
[info] i  functions: Loading and analyzing source code for codebase firebase-frameworks-esncash to determine what to deploy 
[debug] [2026-03-01T11:44:56.759Z] Could not find functions.yaml. Must use http discovery
[debug] [2026-03-01T11:44:56.778Z] Found firebase-functions binary at '/Users/valentina/cash-loan-management-system/.firebase/esncash/functions/node_modules/.bin/firebase-functions'
[info] Serving at port 8850

[debug] [2026-03-01T11:44:57.875Z] Got response from /__/functions.yaml {"endpoints":{"ssresncash":{"availableMemoryMb":null,"timeoutSeconds":null,"minInstances":null,"maxInstances":null,"ingressSettings":null,"concurrency":null,"serviceAccountEmail":null,"vpc":null,"platform":"gcfv2","region":["us-central1"],"labels":{},"httpsTrigger":{},"entryPoint":"ssresncash"}},"specVersion":"v1alpha1","requiredAPIs":[],"extensions":{}}
[info] i  extensions: ensuring required API firebaseextensions.googleapis.com is enabled... 
[debug] [2026-03-01T11:44:57.889Z] Checked if tokens are valid: true, expires at: 1772368938699
[debug] [2026-03-01T11:44:57.889Z] Checked if tokens are valid: true, expires at: 1772368938699
[debug] [2026-03-01T11:44:57.889Z] >>> [apiv2][query] GET https://serviceusage.googleapis.com/v1/projects/esncash/services/firebaseextensions.googleapis.com [none]
[debug] [2026-03-01T11:44:57.889Z] >>> [apiv2][(partial)header] GET https://serviceusage.googleapis.com/v1/projects/esncash/services/firebaseextensions.googleapis.com x-goog-quota-user=projects/esncash
[debug] [2026-03-01T11:44:59.571Z] <<< [apiv2][status] GET https://serviceusage.googleapis.com/v1/projects/esncash/services/firebaseextensions.googleapis.com 200
[debug] [2026-03-01T11:44:59.571Z] <<< [apiv2][body] GET https://serviceusage.googleapis.com/v1/projects/esncash/services/firebaseextensions.googleapis.com [omitted]
[info] ✔  extensions: required API firebaseextensions.googleapis.com is enabled 
[debug] [2026-03-01T11:44:59.571Z] > command requires scopes: ["email","openid","https://www.googleapis.com/auth/cloudplatformprojects.readonly","https://www.googleapis.com/auth/firebase","https://www.googleapis.com/auth/cloud-platform"]
[debug] [2026-03-01T11:44:59.571Z] > authorizing via signed-in user (valentina@festobyte.com)
[debug] [2026-03-01T11:44:59.571Z] [iam] checking project esncash for permissions ["firebase.projects.get","firebaseextensions.instances.list"]
[debug] [2026-03-01T11:44:59.572Z] Checked if tokens are valid: true, expires at: 1772368938699
[debug] [2026-03-01T11:44:59.572Z] Checked if tokens are valid: true, expires at: 1772368938699
[debug] [2026-03-01T11:44:59.572Z] >>> [apiv2][query] POST https://cloudresourcemanager.googleapis.com/v1/projects/esncash:testIamPermissions [none]
[debug] [2026-03-01T11:44:59.572Z] >>> [apiv2][(partial)header] POST https://cloudresourcemanager.googleapis.com/v1/projects/esncash:testIamPermissions x-goog-quota-user=projects/esncash
[debug] [2026-03-01T11:44:59.572Z] >>> [apiv2][body] POST https://cloudresourcemanager.googleapis.com/v1/projects/esncash:testIamPermissions {"permissions":["firebase.projects.get","firebaseextensions.instances.list"]}
[debug] [2026-03-01T11:45:02.132Z] <<< [apiv2][status] POST https://cloudresourcemanager.googleapis.com/v1/projects/esncash:testIamPermissions 200
[debug] [2026-03-01T11:45:02.140Z] <<< [apiv2][body] POST https://cloudresourcemanager.googleapis.com/v1/projects/esncash:testIamPermissions {"permissions":["firebase.projects.get","firebaseextensions.instances.list"]}
[debug] [2026-03-01T11:45:02.145Z] Checked if tokens are valid: true, expires at: 1772368938699
[debug] [2026-03-01T11:45:02.145Z] Checked if tokens are valid: true, expires at: 1772368938699
[debug] [2026-03-01T11:45:02.146Z] >>> [apiv2][query] GET https://firebaseextensions.googleapis.com/v1beta/projects/esncash/instances pageSize=100&pageToken=
[debug] [2026-03-01T11:45:04.107Z] <<< [apiv2][status] GET https://firebaseextensions.googleapis.com/v1beta/projects/esncash/instances 200
[debug] [2026-03-01T11:45:04.107Z] <<< [apiv2][body] GET https://firebaseextensions.googleapis.com/v1beta/projects/esncash/instances {}
[info] i  functions: Loaded environment variables from .env. 
[info] i  functions: preparing .firebase/esncash/functions directory for uploading... 
[info] i  functions: packaged /Users/valentina/cash-loan-management-system/.firebase/esncash/functions (42.97 MB) for uploading 
[info] i  functions: ensuring required API run.googleapis.com is enabled... 
[debug] [2026-03-01T11:45:08.540Z] Checked if tokens are valid: true, expires at: 1772368938699
[debug] [2026-03-01T11:45:08.540Z] Checked if tokens are valid: true, expires at: 1772368938699
[info] i  functions: ensuring required API eventarc.googleapis.com is enabled... 
[debug] [2026-03-01T11:45:08.540Z] Checked if tokens are valid: true, expires at: 1772368938699
[debug] [2026-03-01T11:45:08.540Z] Checked if tokens are valid: true, expires at: 1772368938699
[info] i  functions: ensuring required API pubsub.googleapis.com is enabled... 
[debug] [2026-03-01T11:45:08.540Z] Checked if tokens are valid: true, expires at: 1772368938699
[debug] [2026-03-01T11:45:08.540Z] Checked if tokens are valid: true, expires at: 1772368938699
[info] i  functions: ensuring required API storage.googleapis.com is enabled... 
[debug] [2026-03-01T11:45:08.540Z] Checked if tokens are valid: true, expires at: 1772368938699
[debug] [2026-03-01T11:45:08.540Z] Checked if tokens are valid: true, expires at: 1772368938699
[debug] [2026-03-01T11:45:08.540Z] >>> [apiv2][query] GET https://serviceusage.googleapis.com/v1/projects/esncash/services/run.googleapis.com [none]
[debug] [2026-03-01T11:45:08.540Z] >>> [apiv2][(partial)header] GET https://serviceusage.googleapis.com/v1/projects/esncash/services/run.googleapis.com x-goog-quota-user=projects/esncash
[debug] [2026-03-01T11:45:08.542Z] >>> [apiv2][query] GET https://serviceusage.googleapis.com/v1/projects/esncash/services/eventarc.googleapis.com [none]
[debug] [2026-03-01T11:45:08.542Z] >>> [apiv2][(partial)header] GET https://serviceusage.googleapis.com/v1/projects/esncash/services/eventarc.googleapis.com x-goog-quota-user=projects/esncash
[debug] [2026-03-01T11:45:08.542Z] >>> [apiv2][query] GET https://serviceusage.googleapis.com/v1/projects/esncash/services/pubsub.googleapis.com [none]
[debug] [2026-03-01T11:45:08.542Z] >>> [apiv2][(partial)header] GET https://serviceusage.googleapis.com/v1/projects/esncash/services/pubsub.googleapis.com x-goog-quota-user=projects/esncash
[debug] [2026-03-01T11:45:08.543Z] >>> [apiv2][query] GET https://serviceusage.googleapis.com/v1/projects/esncash/services/storage.googleapis.com [none]
[debug] [2026-03-01T11:45:08.543Z] >>> [apiv2][(partial)header] GET https://serviceusage.googleapis.com/v1/projects/esncash/services/storage.googleapis.com x-goog-quota-user=projects/esncash
[debug] [2026-03-01T11:45:10.155Z] <<< [apiv2][status] GET https://serviceusage.googleapis.com/v1/projects/esncash/services/pubsub.googleapis.com 200
[debug] [2026-03-01T11:45:10.158Z] <<< [apiv2][body] GET https://serviceusage.googleapis.com/v1/projects/esncash/services/pubsub.googleapis.com [omitted]
[info] ✔  functions: required API pubsub.googleapis.com is enabled 
[debug] [2026-03-01T11:45:10.170Z] <<< [apiv2][status] GET https://serviceusage.googleapis.com/v1/projects/esncash/services/run.googleapis.com 200
[debug] [2026-03-01T11:45:10.170Z] <<< [apiv2][body] GET https://serviceusage.googleapis.com/v1/projects/esncash/services/run.googleapis.com [omitted]
[info] ✔  functions: required API run.googleapis.com is enabled 
[debug] [2026-03-01T11:45:10.171Z] <<< [apiv2][status] GET https://serviceusage.googleapis.com/v1/projects/esncash/services/eventarc.googleapis.com 200
[debug] [2026-03-01T11:45:10.171Z] <<< [apiv2][body] GET https://serviceusage.googleapis.com/v1/projects/esncash/services/eventarc.googleapis.com [omitted]
[info] ✔  functions: required API eventarc.googleapis.com is enabled 
[debug] [2026-03-01T11:45:10.172Z] <<< [apiv2][status] GET https://serviceusage.googleapis.com/v1/projects/esncash/services/storage.googleapis.com 200
[debug] [2026-03-01T11:45:10.172Z] <<< [apiv2][body] GET https://serviceusage.googleapis.com/v1/projects/esncash/services/storage.googleapis.com [omitted]
[info] ✔  functions: required API storage.googleapis.com is enabled 
[info] i  functions: generating the service identity for pubsub.googleapis.com... 
[debug] [2026-03-01T11:45:10.173Z] Checked if tokens are valid: true, expires at: 1772368938699
[debug] [2026-03-01T11:45:10.173Z] Checked if tokens are valid: true, expires at: 1772368938699
[info] i  functions: generating the service identity for eventarc.googleapis.com... 
[debug] [2026-03-01T11:45:10.174Z] Checked if tokens are valid: true, expires at: 1772368938699
[debug] [2026-03-01T11:45:10.174Z] Checked if tokens are valid: true, expires at: 1772368938699
[debug] [2026-03-01T11:45:10.174Z] >>> [apiv2][query] POST https://serviceusage.googleapis.com/v1beta1/projects/398996048113/services/pubsub.googleapis.com:generateServiceIdentity [none]
[debug] [2026-03-01T11:45:10.176Z] >>> [apiv2][query] POST https://serviceusage.googleapis.com/v1beta1/projects/398996048113/services/eventarc.googleapis.com:generateServiceIdentity [none]
[debug] [2026-03-01T11:45:11.815Z] <<< [apiv2][status] POST https://serviceusage.googleapis.com/v1beta1/projects/398996048113/services/pubsub.googleapis.com:generateServiceIdentity 200
[debug] [2026-03-01T11:45:11.817Z] <<< [apiv2][body] POST https://serviceusage.googleapis.com/v1beta1/projects/398996048113/services/pubsub.googleapis.com:generateServiceIdentity {"name":"operations/finished.DONE_OPERATION","done":true,"response":{"@type":"type.googleapis.com/google.api.serviceusage.v1beta1.ServiceIdentity","email":"service-398996048113@gcp-sa-pubsub.iam.gserviceaccount.com","uniqueId":"112585869487557332829"}}
[debug] [2026-03-01T11:45:11.818Z] <<< [apiv2][status] POST https://serviceusage.googleapis.com/v1beta1/projects/398996048113/services/eventarc.googleapis.com:generateServiceIdentity 200
[debug] [2026-03-01T11:45:11.819Z] <<< [apiv2][body] POST https://serviceusage.googleapis.com/v1beta1/projects/398996048113/services/eventarc.googleapis.com:generateServiceIdentity {"name":"operations/finished.DONE_OPERATION","done":true,"response":{"@type":"type.googleapis.com/google.api.serviceusage.v1beta1.ServiceIdentity","email":"service-398996048113@gcp-sa-eventarc.iam.gserviceaccount.com","uniqueId":"101057826140956085737"}}
[debug] [2026-03-01T11:45:11.822Z] Checked if tokens are valid: true, expires at: 1772368938699
[debug] [2026-03-01T11:45:11.822Z] Checked if tokens are valid: true, expires at: 1772368938699
[debug] [2026-03-01T11:45:11.822Z] >>> [apiv2][query] GET https://cloudresourcemanager.googleapis.com/v1/projects/esncash [none]
[debug] [2026-03-01T11:45:13.295Z] <<< [apiv2][status] GET https://cloudresourcemanager.googleapis.com/v1/projects/esncash 200
[debug] [2026-03-01T11:45:13.296Z] <<< [apiv2][body] GET https://cloudresourcemanager.googleapis.com/v1/projects/esncash {"projectNumber":"398996048113","projectId":"esncash","lifecycleState":"ACTIVE","name":"ESN Cash","labels":{"firebase":"enabled","firebase-core":"disabled"},"createTime":"2025-09-25T14:06:55.249801Z","parent":{"type":"organization","id":"456068550513"}}
[debug] [2026-03-01T11:45:13.300Z] Checked if tokens are valid: true, expires at: 1772368938699
[debug] [2026-03-01T11:45:13.300Z] Checked if tokens are valid: true, expires at: 1772368938699
[debug] [2026-03-01T11:45:13.301Z] >>> [apiv2][query] POST https://firebasehosting.googleapis.com/v1beta1/projects/-/sites/esncash/versions [none]
[debug] [2026-03-01T11:45:13.301Z] >>> [apiv2][body] POST https://firebasehosting.googleapis.com/v1beta1/projects/-/sites/esncash/versions {"status":"CREATED","labels":{"deployment-tool":"cli-firebase","firebase-web-framework":"next_ssr"}}
[debug] [2026-03-01T11:45:16.174Z] <<< [apiv2][status] POST https://firebasehosting.googleapis.com/v1beta1/projects/-/sites/esncash/versions 200
[debug] [2026-03-01T11:45:16.174Z] <<< [apiv2][body] POST https://firebasehosting.googleapis.com/v1beta1/projects/-/sites/esncash/versions {"name":"projects/398996048113/sites/esncash/versions/c826a8246d3973bd","status":"CREATED","config":{},"labels":{"deployment-tool":"cli-firebase","firebase-web-framework":"next_ssr"}}
[debug] [2026-03-01T11:45:16.208Z] Checked if tokens are valid: true, expires at: 1772368938699
[debug] [2026-03-01T11:45:16.209Z] Checked if tokens are valid: true, expires at: 1772368938699
[debug] [2026-03-01T11:45:16.209Z] >>> [apiv2][query] GET https://cloudbilling.googleapis.com/v1/projects/esncash/billingInfo [none]
[debug] [2026-03-01T11:45:17.282Z] <<< [apiv2][status] GET https://cloudbilling.googleapis.com/v1/projects/esncash/billingInfo 200
[debug] [2026-03-01T11:45:17.282Z] <<< [apiv2][body] GET https://cloudbilling.googleapis.com/v1/projects/esncash/billingInfo {"name":"projects/esncash/billingInfo","projectId":"esncash","billingAccountName":"billingAccounts/0173EF-37182C-408EE6","billingEnabled":true}
[debug] [2026-03-01T11:45:17.283Z] Checked if tokens are valid: true, expires at: 1772368938699
[debug] [2026-03-01T11:45:17.283Z] Checked if tokens are valid: true, expires at: 1772368938699
[debug] [2026-03-01T11:45:17.283Z] >>> [apiv2][query] POST https://cloudfunctions.googleapis.com/v2/projects/esncash/locations/us-central1/functions:generateUploadUrl [none]
[debug] [2026-03-01T11:45:18.410Z] <<< [apiv2][status] POST https://cloudfunctions.googleapis.com/v2/projects/esncash/locations/us-central1/functions:generateUploadUrl 200
[debug] [2026-03-01T11:45:18.410Z] <<< [apiv2][body] POST https://cloudfunctions.googleapis.com/v2/projects/esncash/locations/us-central1/functions:generateUploadUrl {"uploadUrl":"https://storage.googleapis.com/gcf-v2-uploads-398996048113.us-central1.cloudfunctions.appspot.com/dc7a4b5a-b3c6-43d0-be01-3bbc3375a534.zip?GoogleAccessId=service-398996048113@gcf-admin-robot.iam.gserviceaccount.com&Expires=1772367318&Signature=MFL9PA9TjQIfRRsK4U0dLdmpSLCX6Sjq6TwNfWYUiihhZnGVGlwC0NFUghHzdClUOcOpdDeYunMcNro04WLmy3cc1DZ7g9TUO8WNoOwR2kFCK9fSOcjK8FXo4zVKFzgmIuz4ZaJS%2BDcl9Y7Dlw1v%2FdDpNE3JKRWU7RfWd609OQSILkIKJLf%2BFK%2F9org2lUzECjrV8GauMCqGtxK%2BmpkCW4u0z3fTDJnwD%2FnbEXHXmOgBRq%2B9mgWm4BXZhXauudJbGj4zKVOuyfQL9bHK8sqogjh7Oy1BmjhNgqGJVasI5ZEhxyiMc62WaKJhMHvNhvF%2FlOvkM5agM7OwIRPDNYWxuw%3D%3D","storageSource":{"bucket":"gcf-v2-uploads-398996048113.us-central1.cloudfunctions.appspot.com","object":"dc7a4b5a-b3c6-43d0-be01-3bbc3375a534.zip"}}
[debug] [2026-03-01T11:45:18.413Z] >>> [apiv2][query] PUT https://storage.googleapis.com/gcf-v2-uploads-398996048113.us-central1.cloudfunctions.appspot.com/dc7a4b5a-b3c6-43d0-be01-3bbc3375a534.zip GoogleAccessId=service-398996048113%40gcf-admin-robot.iam.gserviceaccount.com&Expires=1772367318&Signature=MFL9PA9TjQIfRRsK4U0dLdmpSLCX6Sjq6TwNfWYUiihhZnGVGlwC0NFUghHzdClUOcOpdDeYunMcNro04WLmy3cc1DZ7g9TUO8WNoOwR2kFCK9fSOcjK8FXo4zVKFzgmIuz4ZaJS%2BDcl9Y7Dlw1v%2FdDpNE3JKRWU7RfWd609OQSILkIKJLf%2BFK%2F9org2lUzECjrV8GauMCqGtxK%2BmpkCW4u0z3fTDJnwD%2FnbEXHXmOgBRq%2B9mgWm4BXZhXauudJbGj4zKVOuyfQL9bHK8sqogjh7Oy1BmjhNgqGJVasI5ZEhxyiMc62WaKJhMHvNhvF%2FlOvkM5agM7OwIRPDNYWxuw%3D%3D
[debug] [2026-03-01T11:45:18.413Z] >>> [apiv2][body] PUT https://storage.googleapis.com/gcf-v2-uploads-398996048113.us-central1.cloudfunctions.appspot.com/dc7a4b5a-b3c6-43d0-be01-3bbc3375a534.zip [stream]
[debug] [2026-03-01T11:45:24.348Z] <<< [apiv2][status] PUT https://storage.googleapis.com/gcf-v2-uploads-398996048113.us-central1.cloudfunctions.appspot.com/dc7a4b5a-b3c6-43d0-be01-3bbc3375a534.zip 200
[debug] [2026-03-01T11:45:24.348Z] <<< [apiv2][body] PUT https://storage.googleapis.com/gcf-v2-uploads-398996048113.us-central1.cloudfunctions.appspot.com/dc7a4b5a-b3c6-43d0-be01-3bbc3375a534.zip [omitted]
[info] ✔  functions: .firebase/esncash/functions folder uploaded successfully 
[info] i  hosting[esncash]: beginning deploy... 
[info] i  hosting[esncash]: found 57 files in .firebase/esncash/hosting 
[debug] [2026-03-01T11:45:24.357Z] [hosting] uploading with 200 concurrency
[debug] [2026-03-01T11:45:24.360Z] [hosting] hash cache [LmZpcmViYXNlL2VzbmNhc2gvaG9zdGluZw] not populated
[debug] [2026-03-01T11:45:24.409Z] Checked if tokens are valid: true, expires at: 1772368938699
[debug] [2026-03-01T11:45:24.410Z] Checked if tokens are valid: true, expires at: 1772368938699
[debug] [2026-03-01T11:45:24.411Z] [hosting] hash cache [LmZpcmViYXNlL2VzbmNhc2gvaG9zdGluZw] stored for 57 files
[debug] [2026-03-01T11:45:24.411Z] [hosting][hash queue][FINAL] {"max":44,"min":11,"avg":22.50877192982455,"active":0,"complete":57,"success":57,"errored":0,"retried":0,"total":57,"elapsed":47}
[debug] [2026-03-01T11:45:24.411Z] >>> [apiv2][query] POST https://firebasehosting.googleapis.com/v1beta1/projects/398996048113/sites/esncash/versions/c826a8246d3973bd:populateFiles [none]
[debug] [2026-03-01T11:45:24.411Z] >>> [apiv2][body] POST https://firebasehosting.googleapis.com/v1beta1/projects/398996048113/sites/esncash/versions/c826a8246d3973bd:populateFiles {"files":{"/window.svg":"bf07bc7ddc1ae03e7936a9347de10e85cf9a0e51f99bd8293b2a8eeca6463b49","/vercel.svg":"ffb3d6634c37da9451d60557ed0e6e513e2889672e0bf202d2558062062a048a","/login.html":"458208c405c684728c84a3dd087ed355417ac2f0012929cfd076f3a4111f91de","/globe.svg":"914fe1f576f68698d9e329ea8ec6c542d8d5f150af08f1a360d188fed7597c23","/404.html":"dac785fb0b18eea4f5e558c176a2eec54855b1956b464ffc17daab9b4d976266","/file.svg":"cb6477bad43c44ba222b8cddfa7e4fe646b19ec7449646e8c2a426354faa630e","/next.svg":"7b16665552cb47db34db342505d6d340caaf5813ca2cba1df3536ed67ea33f64","/index.html":"cbffe0192afde3d718a6e11fb4c9f7acf77cf3d2334c864f1f761d0628dccd45","/register.html":"2860c4293bc525812c9b5a97fa5093ad195a16179ee004c11349b4db3ee2a61a","/_next/static/chunks/main-app-1f0e699bdcd81d31.js":"4a77d55695dfe621053e8f97b8189ce8cf43015b8b99afe51a7c113c05a233ed","/api/users":"779799c9335eba54fe64506ad1b1fb0698259b887345dd995071d356cb9092b1","/api/logout/dashboard/stats":"d65a63315dcacc12811ac8491ecb8dc4fe51e3281450afd83191e39e31b65709","/favicon.ico":"25572d421ec6784f1fc9e8cf8751be869e874a1035b8d9809f5e5c5621824148","/_next/static/css/c6b8d7a699f12245.css":"43e4afbfc8140d06567a8cbe221f62e0b78648d9e77b8bb69d9a7dc42cf258ce","/_next/static/chunks/981-6ff9092f531e5fbd.js":"cb2419543520ebad012f68dbe40acd08ee549eef1e74b2bfdb4cef6eeebec999","/_next/static/chunks/848.0f6a64065176d400.js":"ac38223840404644641a71dddc7cfafdeddde2e3203a0fd17feedf5aa953c409","/_next/static/chunks/pages/_error-28b803cb2479b966.js":"4aceb828d82ae3033dbde9b5f1e496fcaa7eccc0834add39a212e0ada1d38af1","/_next/static/chunks/2f0b94e8-9c64879cd69ff48b.js":"c084b1796269f2487062207b0b4f9362321906ba26f730c5d6f1055448959d3c","/_next/static/chunks/363-85acb9faa643ed98.js":"b6732c170ffbc9a2c279230e355171b36f388add1eeb208e8ed373321868d0d4","/_next/static/chunks/webpack-df678882a3924b44.js":"b605e7a9c64898f2d17ece7cc23c5260ccf34b103970ec6200594ec7b6bcfe6d","/_next/static/chunks/pages/_app-15e2daefa259f0b5.js":"37e6a033ed035f11e73b22db4f7db0e6c57a00782844a34bc40c99fc76f8abda","/_next/static/chunks/app/layout-a8e94ce2d6b9195c.js":"ce6b7cb29252d90a6ef0ba94a20e69ccbd8c07bef399e0100205b34c97e41f37","/_next/static/chunks/app/_not-found/page-705965189ba47c84.js":"c8c99e9a67b74c8e775541682c9260b7b377df8ab867929275b7972cd102e05e","/_next/static/chunks/app/(protected)/staff/approval/page-f851e8aa45d2dadf.js":"6d333c7cc89e86981631872a0387a534cae8c1552a2896f4caf2c4df4d38ca05","/_next/static/chunks/app/(protected)/staff/page-0d545bce59b1885b.js":"3d72c51efd2b41086be8d32fb1079eb4aa62be9ef40d08933ec393dcac884a12","/_next/static/chunks/app/(protected)/loans/page-7c1b75559ba22904.js":"7f1378785223a9909caa2cc8044698b8046b0224726118912dc432377819c0b0","/_next/static/chunks/app/(protected)/reports/sales/page-668c67d04a18f147.js":"3873207673e5f3c53d60e3f1a59bc4bc65832f814d6607d3ade1f990ea2e1b99","/_next/static/chunks/app/(protected)/staff/new/page-1d3e6525dff43ece.js":"82a78ae4046f1962fe85f6f6b7e31d72531d53178f3b59dc02110297899ce06f","/_next/static/chunks/app/(protected)/reports/page-3b1c2732441b290d.js":"a6df68590586635646dbab71e90e722889dfc101f17d8c8f8a6242d6a007fc8b","/_next/static/chunks/app/(protected)/settings/page-3eb9fa4abb7cd9a9.js":"3920eff126ce3bd92dd843c1289842e992f30fc5eda363d2de3c9366f34aa09a","/_next/static/chunks/app/(protected)/loans/overdue/page-c3affb1ba29d32cd.js":"0ce9d0965aecb3b5031881a37d80f345d26fb7e073b6f11a9cf2779b6069da77","/_next/static/chunks/app/(protected)/loans/today_collection/page-83fd73e722c8f422.js":"a9a8fd36c3cd6ec131bde8e2bc690187874ce0f9d51090e8176ee98985c79e91","/_next/static/chunks/app/(protected)/layout-f95d86935704c5e1.js":"050894d0062cd002b3d8ff02ba2f00109638b3e66a9c0f2825404d589341b1a4","/_next/static/chunks/app/(protected)/loans/issued/page-f8a3f310d6ffbb5a.js":"13745728d2da5dce897cd64a26cd265f2221c714e0d6e297523c523ff1771ec0","/_next/static/chunks/app/(protected)/loans/collected/page-4e241ad881cc0311.js":"a229385621c7ace59c3d1f7e07982d4b866049516b2aeffc98bcdc9938693743","/_next/static/chunks/app/(protected)/loans/active/page-b5067ab35f805c44.js":"e474c18961d9364596d0920bd91c2b66a4fe75e979810ff28946873b310fc8da","/_next/static/chunks/app/(protected)/loans/create/page-5b51eaa5703d209a.js":"6d08f2e171ccdc12f32e6d10b34e42b3aff238658c31730dfeb63c168402c2e0","/_next/static/chunks/d441faa4-6bbade501309aae0.js":"14490ba3e639fb6bea5db888411e304d5150cb76f765293f8ee5ca5429bf5f32","/_next/static/chunks/969.f14b1e12ac614061.js":"2aa53e3006267f16fa342bef326afb67bf8678a1eccbb742b544da9fb2b893e3","/_next/static/chunks/bc98253f.2a86d0955713b458.js":"b1ac07ac9da9149a302de87fd0d34e42f2cf6de6305f21483892f654cf6de549","/_next/static/chunks/117-72cee09f19cb67c7.js":"976dd79a575657c2bdd2a4ee2acbea2d2c27a8aa13b1a6330adfb75bed322ccb","/_next/static/chunks/main-259b49dd2da83f81.js":"caa6ecf1cbc3e845ea9326c2b0beb139e017181b804a9caac864c20114df9e83","/_next/static/chunks/polyfills-42372ed130431b0a.js":"67dee1c02c6a6700d63b5c1898cf2df618101a68a395db469192763d24925a23","/_next/static/chunks/app/(protected)/loans/[id]/page-efeea671b830b199.js":"26509fcd94d91d98f52b46951d70d84f94f3897d59d4022f3e5dc55fa8367964","/_next/static/chunks/839-27f7831cc4b977ea.js":"d2d058307665a8f7871086e506a5590db851c92dd0e78085217521ad3f33b54c","/_next/static/chunks/app/(auth)/register/page-385a3c6af1945307.js":"0febb5ebbe30b534a357b8024f24276a55e50651fe8a40e2bc4a3d7219468e08","/_next/static/chunks/app/(auth)/layout-45656c8866c3d560.js":"32581f37409d60f70d4d3fffe33b5a833781664efb4b93d50c3519f687ac71e0","/_next/static/chunks/app/(auth)/login/page-063d2b18910bd2f8.js":"a9fa7cf7171f19e068715fbd8864f23e74f98ba56648eb40aa2bd3d46b182d35","/_next/static/OZNH8L9byPSJg3eIFVawp/_buildManifest.js":"a1d6ce5a18ef57054d2eb797becaafbc41676f1463cd97a4c8494a4771af4a58","/_next/static/chunks/app/(protected)/dashboard/page-1e4a10f68adfd754.js":"a2ee72e070c66b22bcf610e65b757050a071eac89374d0efee20e6d2a4cda881","/_next/static/OZNH8L9byPSJg3eIFVawp/_ssgManifest.js":"02dbc1aeab6ef0a6ff2ff9a1643158cf9bb38929945eaa343a3627dee9ba6778","/_next/static/chunks/framework-00a8ba1a63cfdc9e.js":"aeb3fa38e1f12bf9e53c0b361d77ea9d6cfb4f61ac21adf8a537249897952a28","/_next/static/chunks/fd9d1056-b269926aa472f095.js":"0469b536a9beb87a0ab84d3b3ccc70976e30fdd17dd2349bb56296a5651fba5f","/_next/static/chunks/bc9e92e6-e2d6ff0af42a5c67.js":"9d70fbb56f196cec56981e2004070600ea96d412b013c247088c85c8c90186cd","/_next/static/chunks/ad2866b8.d16d5df33d15d005.js":"2f713b50e86a7ae52b50d1dc0f3f3713130978d28fb4d89a9aae612d9da0bbe2","/_next/static/chunks/164f4fb6-ac8cd976c5637a0d.js":"db8c99729a289c31ae4285073cc23360fb6e43f74746b7f318be1b5de89266ee","/_next/static/chunks/571-a92d6af93bff99f1.js":"c473af179b0def39e2ff27d33e1289e3462487a1d102a2d08247ff4dc32f24ac"}}
[debug] [2026-03-01T11:45:26.233Z] <<< [apiv2][status] POST https://firebasehosting.googleapis.com/v1beta1/projects/398996048113/sites/esncash/versions/c826a8246d3973bd:populateFiles 200
[debug] [2026-03-01T11:45:26.233Z] <<< [apiv2][body] POST https://firebasehosting.googleapis.com/v1beta1/projects/398996048113/sites/esncash/versions/c826a8246d3973bd:populateFiles {"uploadRequiredHashes":["458208c405c684728c84a3dd087ed355417ac2f0012929cfd076f3a4111f91de","3920eff126ce3bd92dd843c1289842e992f30fc5eda363d2de3c9366f34aa09a","26509fcd94d91d98f52b46951d70d84f94f3897d59d4022f3e5dc55fa8367964","e474c18961d9364596d0920bd91c2b66a4fe75e979810ff28946873b310fc8da","c473af179b0def39e2ff27d33e1289e3462487a1d102a2d08247ff4dc32f24ac","13745728d2da5dce897cd64a26cd265f2221c714e0d6e297523c523ff1771ec0","2860c4293bc525812c9b5a97fa5093ad195a16179ee004c11349b4db3ee2a61a","0ce9d0965aecb3b5031881a37d80f345d26fb7e073b6f11a9cf2779b6069da77","a6df68590586635646dbab71e90e722889dfc101f17d8c8f8a6242d6a007fc8b","3d72c51efd2b41086be8d32fb1079eb4aa62be9ef40d08933ec393dcac884a12","14490ba3e639fb6bea5db888411e304d5150cb76f765293f8ee5ca5429bf5f32","a9fa7cf7171f19e068715fbd8864f23e74f98ba56648eb40aa2bd3d46b182d35","6d333c7cc89e86981631872a0387a534cae8c1552a2896f4caf2c4df4d38ca05","050894d0062cd002b3d8ff02ba2f00109638b3e66a9c0f2825404d589341b1a4","a9a8fd36c3cd6ec131bde8e2bc690187874ce0f9d51090e8176ee98985c79e91","7f1378785223a9909caa2cc8044698b8046b0224726118912dc432377819c0b0","a229385621c7ace59c3d1f7e07982d4b866049516b2aeffc98bcdc9938693743","d2d058307665a8f7871086e506a5590db851c92dd0e78085217521ad3f33b54c","a2ee72e070c66b22bcf610e65b757050a071eac89374d0efee20e6d2a4cda881","0febb5ebbe30b534a357b8024f24276a55e50651fe8a40e2bc4a3d7219468e08","6d08f2e171ccdc12f32e6d10b34e42b3aff238658c31730dfeb63c168402c2e0"],"uploadUrl":"https://upload-firebasehosting.googleapis.com/upload/sites/esncash/versions/c826a8246d3973bd/files"}
[debug] [2026-03-01T11:45:26.233Z] Checked if tokens are valid: true, expires at: 1772368938699
[debug] [2026-03-01T11:45:26.233Z] Checked if tokens are valid: true, expires at: 1772368938699
[debug] [2026-03-01T11:45:26.233Z] Checked if tokens are valid: true, expires at: 1772368938699
[debug] [2026-03-01T11:45:26.233Z] Checked if tokens are valid: true, expires at: 1772368938699
[debug] [2026-03-01T11:45:26.233Z] Checked if tokens are valid: true, expires at: 1772368938699
[debug] [2026-03-01T11:45:26.233Z] Checked if tokens are valid: true, expires at: 1772368938699
[debug] [2026-03-01T11:45:26.233Z] Checked if tokens are valid: true, expires at: 1772368938699
[debug] [2026-03-01T11:45:26.233Z] Checked if tokens are valid: true, expires at: 1772368938699
[debug] [2026-03-01T11:45:26.234Z] Checked if tokens are valid: true, expires at: 1772368938699
[debug] [2026-03-01T11:45:26.234Z] Checked if tokens are valid: true, expires at: 1772368938699
[debug] [2026-03-01T11:45:26.234Z] Checked if tokens are valid: true, expires at: 1772368938699
[debug] [2026-03-01T11:45:26.234Z] Checked if tokens are valid: true, expires at: 1772368938699
[debug] [2026-03-01T11:45:26.234Z] Checked if tokens are valid: true, expires at: 1772368938699
[debug] [2026-03-01T11:45:26.234Z] Checked if tokens are valid: true, expires at: 1772368938699
[debug] [2026-03-01T11:45:26.234Z] Checked if tokens are valid: true, expires at: 1772368938699
[debug] [2026-03-01T11:45:26.234Z] Checked if tokens are valid: true, expires at: 1772368938699
[debug] [2026-03-01T11:45:26.234Z] Checked if tokens are valid: true, expires at: 1772368938699
[debug] [2026-03-01T11:45:26.234Z] Checked if tokens are valid: true, expires at: 1772368938699
[debug] [2026-03-01T11:45:26.234Z] Checked if tokens are valid: true, expires at: 1772368938699
[debug] [2026-03-01T11:45:26.234Z] Checked if tokens are valid: true, expires at: 1772368938699
[debug] [2026-03-01T11:45:26.234Z] Checked if tokens are valid: true, expires at: 1772368938699
[debug] [2026-03-01T11:45:26.234Z] Checked if tokens are valid: true, expires at: 1772368938699
[debug] [2026-03-01T11:45:26.234Z] Checked if tokens are valid: true, expires at: 1772368938699
[debug] [2026-03-01T11:45:26.234Z] Checked if tokens are valid: true, expires at: 1772368938699
[debug] [2026-03-01T11:45:26.234Z] Checked if tokens are valid: true, expires at: 1772368938699
[debug] [2026-03-01T11:45:26.234Z] Checked if tokens are valid: true, expires at: 1772368938699
[debug] [2026-03-01T11:45:26.234Z] Checked if tokens are valid: true, expires at: 1772368938699
[debug] [2026-03-01T11:45:26.234Z] Checked if tokens are valid: true, expires at: 1772368938699
[debug] [2026-03-01T11:45:26.234Z] Checked if tokens are valid: true, expires at: 1772368938699
[debug] [2026-03-01T11:45:26.234Z] Checked if tokens are valid: true, expires at: 1772368938699
[debug] [2026-03-01T11:45:26.234Z] Checked if tokens are valid: true, expires at: 1772368938699
[debug] [2026-03-01T11:45:26.234Z] Checked if tokens are valid: true, expires at: 1772368938699
[debug] [2026-03-01T11:45:26.234Z] Checked if tokens are valid: true, expires at: 1772368938699
[debug] [2026-03-01T11:45:26.234Z] Checked if tokens are valid: true, expires at: 1772368938699
[debug] [2026-03-01T11:45:26.234Z] Checked if tokens are valid: true, expires at: 1772368938699
[debug] [2026-03-01T11:45:26.235Z] Checked if tokens are valid: true, expires at: 1772368938699
[debug] [2026-03-01T11:45:26.235Z] Checked if tokens are valid: true, expires at: 1772368938699
[debug] [2026-03-01T11:45:26.235Z] Checked if tokens are valid: true, expires at: 1772368938699
[debug] [2026-03-01T11:45:26.235Z] Checked if tokens are valid: true, expires at: 1772368938699
[debug] [2026-03-01T11:45:26.235Z] Checked if tokens are valid: true, expires at: 1772368938699
[debug] [2026-03-01T11:45:26.235Z] Checked if tokens are valid: true, expires at: 1772368938699
[debug] [2026-03-01T11:45:26.235Z] Checked if tokens are valid: true, expires at: 1772368938699
[debug] [2026-03-01T11:45:26.235Z] >>> [apiv2][query] POST https://upload-firebasehosting.googleapis.com/upload/sites/esncash/versions/c826a8246d3973bd/files/458208c405c684728c84a3dd087ed355417ac2f0012929cfd076f3a4111f91de [none]
[debug] [2026-03-01T11:45:26.235Z] >>> [apiv2][body] POST https://upload-firebasehosting.googleapis.com/upload/sites/esncash/versions/c826a8246d3973bd/files/458208c405c684728c84a3dd087ed355417ac2f0012929cfd076f3a4111f91de [stream]
[debug] [2026-03-01T11:45:26.235Z] >>> [apiv2][query] POST https://upload-firebasehosting.googleapis.com/upload/sites/esncash/versions/c826a8246d3973bd/files/3920eff126ce3bd92dd843c1289842e992f30fc5eda363d2de3c9366f34aa09a [none]
[debug] [2026-03-01T11:45:26.235Z] >>> [apiv2][body] POST https://upload-firebasehosting.googleapis.com/upload/sites/esncash/versions/c826a8246d3973bd/files/3920eff126ce3bd92dd843c1289842e992f30fc5eda363d2de3c9366f34aa09a [stream]
[debug] [2026-03-01T11:45:26.236Z] >>> [apiv2][query] POST https://upload-firebasehosting.googleapis.com/upload/sites/esncash/versions/c826a8246d3973bd/files/26509fcd94d91d98f52b46951d70d84f94f3897d59d4022f3e5dc55fa8367964 [none]
[debug] [2026-03-01T11:45:26.236Z] >>> [apiv2][body] POST https://upload-firebasehosting.googleapis.com/upload/sites/esncash/versions/c826a8246d3973bd/files/26509fcd94d91d98f52b46951d70d84f94f3897d59d4022f3e5dc55fa8367964 [stream]
[debug] [2026-03-01T11:45:26.236Z] >>> [apiv2][query] POST https://upload-firebasehosting.googleapis.com/upload/sites/esncash/versions/c826a8246d3973bd/files/e474c18961d9364596d0920bd91c2b66a4fe75e979810ff28946873b310fc8da [none]
[debug] [2026-03-01T11:45:26.236Z] >>> [apiv2][body] POST https://upload-firebasehosting.googleapis.com/upload/sites/esncash/versions/c826a8246d3973bd/files/e474c18961d9364596d0920bd91c2b66a4fe75e979810ff28946873b310fc8da [stream]
[debug] [2026-03-01T11:45:26.237Z] >>> [apiv2][query] POST https://upload-firebasehosting.googleapis.com/upload/sites/esncash/versions/c826a8246d3973bd/files/c473af179b0def39e2ff27d33e1289e3462487a1d102a2d08247ff4dc32f24ac [none]
[debug] [2026-03-01T11:45:26.237Z] >>> [apiv2][body] POST https://upload-firebasehosting.googleapis.com/upload/sites/esncash/versions/c826a8246d3973bd/files/c473af179b0def39e2ff27d33e1289e3462487a1d102a2d08247ff4dc32f24ac [stream]
[debug] [2026-03-01T11:45:26.237Z] >>> [apiv2][query] POST https://upload-firebasehosting.googleapis.com/upload/sites/esncash/versions/c826a8246d3973bd/files/13745728d2da5dce897cd64a26cd265f2221c714e0d6e297523c523ff1771ec0 [none]
[debug] [2026-03-01T11:45:26.237Z] >>> [apiv2][body] POST https://upload-firebasehosting.googleapis.com/upload/sites/esncash/versions/c826a8246d3973bd/files/13745728d2da5dce897cd64a26cd265f2221c714e0d6e297523c523ff1771ec0 [stream]
[debug] [2026-03-01T11:45:26.238Z] >>> [apiv2][query] POST https://upload-firebasehosting.googleapis.com/upload/sites/esncash/versions/c826a8246d3973bd/files/2860c4293bc525812c9b5a97fa5093ad195a16179ee004c11349b4db3ee2a61a [none]
[debug] [2026-03-01T11:45:26.238Z] >>> [apiv2][body] POST https://upload-firebasehosting.googleapis.com/upload/sites/esncash/versions/c826a8246d3973bd/files/2860c4293bc525812c9b5a97fa5093ad195a16179ee004c11349b4db3ee2a61a [stream]
[debug] [2026-03-01T11:45:26.238Z] >>> [apiv2][query] POST https://upload-firebasehosting.googleapis.com/upload/sites/esncash/versions/c826a8246d3973bd/files/0ce9d0965aecb3b5031881a37d80f345d26fb7e073b6f11a9cf2779b6069da77 [none]
[debug] [2026-03-01T11:45:26.238Z] >>> [apiv2][body] POST https://upload-firebasehosting.googleapis.com/upload/sites/esncash/versions/c826a8246d3973bd/files/0ce9d0965aecb3b5031881a37d80f345d26fb7e073b6f11a9cf2779b6069da77 [stream]
[debug] [2026-03-01T11:45:26.238Z] >>> [apiv2][query] POST https://upload-firebasehosting.googleapis.com/upload/sites/esncash/versions/c826a8246d3973bd/files/a6df68590586635646dbab71e90e722889dfc101f17d8c8f8a6242d6a007fc8b [none]
[debug] [2026-03-01T11:45:26.238Z] >>> [apiv2][body] POST https://upload-firebasehosting.googleapis.com/upload/sites/esncash/versions/c826a8246d3973bd/files/a6df68590586635646dbab71e90e722889dfc101f17d8c8f8a6242d6a007fc8b [stream]
[debug] [2026-03-01T11:45:26.239Z] >>> [apiv2][query] POST https://upload-firebasehosting.googleapis.com/upload/sites/esncash/versions/c826a8246d3973bd/files/3d72c51efd2b41086be8d32fb1079eb4aa62be9ef40d08933ec393dcac884a12 [none]
[debug] [2026-03-01T11:45:26.239Z] >>> [apiv2][body] POST https://upload-firebasehosting.googleapis.com/upload/sites/esncash/versions/c826a8246d3973bd/files/3d72c51efd2b41086be8d32fb1079eb4aa62be9ef40d08933ec393dcac884a12 [stream]
[debug] [2026-03-01T11:45:26.239Z] >>> [apiv2][query] POST https://upload-firebasehosting.googleapis.com/upload/sites/esncash/versions/c826a8246d3973bd/files/14490ba3e639fb6bea5db888411e304d5150cb76f765293f8ee5ca5429bf5f32 [none]
[debug] [2026-03-01T11:45:26.239Z] >>> [apiv2][body] POST https://upload-firebasehosting.googleapis.com/upload/sites/esncash/versions/c826a8246d3973bd/files/14490ba3e639fb6bea5db888411e304d5150cb76f765293f8ee5ca5429bf5f32 [stream]
[debug] [2026-03-01T11:45:26.239Z] >>> [apiv2][query] POST https://upload-firebasehosting.googleapis.com/upload/sites/esncash/versions/c826a8246d3973bd/files/a9fa7cf7171f19e068715fbd8864f23e74f98ba56648eb40aa2bd3d46b182d35 [none]
[debug] [2026-03-01T11:45:26.239Z] >>> [apiv2][body] POST https://upload-firebasehosting.googleapis.com/upload/sites/esncash/versions/c826a8246d3973bd/files/a9fa7cf7171f19e068715fbd8864f23e74f98ba56648eb40aa2bd3d46b182d35 [stream]
[debug] [2026-03-01T11:45:26.240Z] >>> [apiv2][query] POST https://upload-firebasehosting.googleapis.com/upload/sites/esncash/versions/c826a8246d3973bd/files/6d333c7cc89e86981631872a0387a534cae8c1552a2896f4caf2c4df4d38ca05 [none]
[debug] [2026-03-01T11:45:26.240Z] >>> [apiv2][body] POST https://upload-firebasehosting.googleapis.com/upload/sites/esncash/versions/c826a8246d3973bd/files/6d333c7cc89e86981631872a0387a534cae8c1552a2896f4caf2c4df4d38ca05 [stream]
[debug] [2026-03-01T11:45:26.240Z] >>> [apiv2][query] POST https://upload-firebasehosting.googleapis.com/upload/sites/esncash/versions/c826a8246d3973bd/files/050894d0062cd002b3d8ff02ba2f00109638b3e66a9c0f2825404d589341b1a4 [none]
[debug] [2026-03-01T11:45:26.240Z] >>> [apiv2][body] POST https://upload-firebasehosting.googleapis.com/upload/sites/esncash/versions/c826a8246d3973bd/files/050894d0062cd002b3d8ff02ba2f00109638b3e66a9c0f2825404d589341b1a4 [stream]
[debug] [2026-03-01T11:45:26.240Z] >>> [apiv2][query] POST https://upload-firebasehosting.googleapis.com/upload/sites/esncash/versions/c826a8246d3973bd/files/a9a8fd36c3cd6ec131bde8e2bc690187874ce0f9d51090e8176ee98985c79e91 [none]
[debug] [2026-03-01T11:45:26.240Z] >>> [apiv2][body] POST https://upload-firebasehosting.googleapis.com/upload/sites/esncash/versions/c826a8246d3973bd/files/a9a8fd36c3cd6ec131bde8e2bc690187874ce0f9d51090e8176ee98985c79e91 [stream]
[debug] [2026-03-01T11:45:26.241Z] >>> [apiv2][query] POST https://upload-firebasehosting.googleapis.com/upload/sites/esncash/versions/c826a8246d3973bd/files/7f1378785223a9909caa2cc8044698b8046b0224726118912dc432377819c0b0 [none]
[debug] [2026-03-01T11:45:26.241Z] >>> [apiv2][body] POST https://upload-firebasehosting.googleapis.com/upload/sites/esncash/versions/c826a8246d3973bd/files/7f1378785223a9909caa2cc8044698b8046b0224726118912dc432377819c0b0 [stream]
[debug] [2026-03-01T11:45:26.241Z] >>> [apiv2][query] POST https://upload-firebasehosting.googleapis.com/upload/sites/esncash/versions/c826a8246d3973bd/files/a229385621c7ace59c3d1f7e07982d4b866049516b2aeffc98bcdc9938693743 [none]
[debug] [2026-03-01T11:45:26.241Z] >>> [apiv2][body] POST https://upload-firebasehosting.googleapis.com/upload/sites/esncash/versions/c826a8246d3973bd/files/a229385621c7ace59c3d1f7e07982d4b866049516b2aeffc98bcdc9938693743 [stream]
[debug] [2026-03-01T11:45:26.241Z] >>> [apiv2][query] POST https://upload-firebasehosting.googleapis.com/upload/sites/esncash/versions/c826a8246d3973bd/files/d2d058307665a8f7871086e506a5590db851c92dd0e78085217521ad3f33b54c [none]
[debug] [2026-03-01T11:45:26.242Z] >>> [apiv2][body] POST https://upload-firebasehosting.googleapis.com/upload/sites/esncash/versions/c826a8246d3973bd/files/d2d058307665a8f7871086e506a5590db851c92dd0e78085217521ad3f33b54c [stream]
[debug] [2026-03-01T11:45:26.242Z] >>> [apiv2][query] POST https://upload-firebasehosting.googleapis.com/upload/sites/esncash/versions/c826a8246d3973bd/files/a2ee72e070c66b22bcf610e65b757050a071eac89374d0efee20e6d2a4cda881 [none]
[debug] [2026-03-01T11:45:26.242Z] >>> [apiv2][body] POST https://upload-firebasehosting.googleapis.com/upload/sites/esncash/versions/c826a8246d3973bd/files/a2ee72e070c66b22bcf610e65b757050a071eac89374d0efee20e6d2a4cda881 [stream]
[debug] [2026-03-01T11:45:26.242Z] >>> [apiv2][query] POST https://upload-firebasehosting.googleapis.com/upload/sites/esncash/versions/c826a8246d3973bd/files/0febb5ebbe30b534a357b8024f24276a55e50651fe8a40e2bc4a3d7219468e08 [none]
[debug] [2026-03-01T11:45:26.242Z] >>> [apiv2][body] POST https://upload-firebasehosting.googleapis.com/upload/sites/esncash/versions/c826a8246d3973bd/files/0febb5ebbe30b534a357b8024f24276a55e50651fe8a40e2bc4a3d7219468e08 [stream]
[debug] [2026-03-01T11:45:26.243Z] >>> [apiv2][query] POST https://upload-firebasehosting.googleapis.com/upload/sites/esncash/versions/c826a8246d3973bd/files/6d08f2e171ccdc12f32e6d10b34e42b3aff238658c31730dfeb63c168402c2e0 [none]
[debug] [2026-03-01T11:45:26.243Z] >>> [apiv2][body] POST https://upload-firebasehosting.googleapis.com/upload/sites/esncash/versions/c826a8246d3973bd/files/6d08f2e171ccdc12f32e6d10b34e42b3aff238658c31730dfeb63c168402c2e0 [stream]
[debug] [2026-03-01T11:45:26.243Z] [hosting][populate queue][FINAL] {"max":1826,"min":1826,"avg":1826,"active":0,"complete":1,"success":1,"errored":0,"retried":0,"total":1,"elapsed":1834}
[debug] [2026-03-01T11:45:26.243Z] [hosting] uploads queued: 21
[debug] [2026-03-01T11:45:27.834Z] <<< [apiv2][status] POST https://upload-firebasehosting.googleapis.com/upload/sites/esncash/versions/c826a8246d3973bd/files/a9a8fd36c3cd6ec131bde8e2bc690187874ce0f9d51090e8176ee98985c79e91 200
[debug] [2026-03-01T11:45:27.834Z] <<< [apiv2][body] POST https://upload-firebasehosting.googleapis.com/upload/sites/esncash/versions/c826a8246d3973bd/files/a9a8fd36c3cd6ec131bde8e2bc690187874ce0f9d51090e8176ee98985c79e91 [stream]
[debug] [2026-03-01T11:45:27.835Z] <<< [apiv2][status] POST https://upload-firebasehosting.googleapis.com/upload/sites/esncash/versions/c826a8246d3973bd/files/3d72c51efd2b41086be8d32fb1079eb4aa62be9ef40d08933ec393dcac884a12 200
[debug] [2026-03-01T11:45:27.835Z] <<< [apiv2][body] POST https://upload-firebasehosting.googleapis.com/upload/sites/esncash/versions/c826a8246d3973bd/files/3d72c51efd2b41086be8d32fb1079eb4aa62be9ef40d08933ec393dcac884a12 [stream]
[debug] [2026-03-01T11:45:27.840Z] <<< [apiv2][status] POST https://upload-firebasehosting.googleapis.com/upload/sites/esncash/versions/c826a8246d3973bd/files/a2ee72e070c66b22bcf610e65b757050a071eac89374d0efee20e6d2a4cda881 200
[debug] [2026-03-01T11:45:27.840Z] <<< [apiv2][body] POST https://upload-firebasehosting.googleapis.com/upload/sites/esncash/versions/c826a8246d3973bd/files/a2ee72e070c66b22bcf610e65b757050a071eac89374d0efee20e6d2a4cda881 [stream]
[debug] [2026-03-01T11:45:27.893Z] <<< [apiv2][status] POST https://upload-firebasehosting.googleapis.com/upload/sites/esncash/versions/c826a8246d3973bd/files/2860c4293bc525812c9b5a97fa5093ad195a16179ee004c11349b4db3ee2a61a 200
[debug] [2026-03-01T11:45:27.894Z] <<< [apiv2][body] POST https://upload-firebasehosting.googleapis.com/upload/sites/esncash/versions/c826a8246d3973bd/files/2860c4293bc525812c9b5a97fa5093ad195a16179ee004c11349b4db3ee2a61a [stream]
[debug] [2026-03-01T11:45:27.923Z] <<< [apiv2][status] POST https://upload-firebasehosting.googleapis.com/upload/sites/esncash/versions/c826a8246d3973bd/files/6d08f2e171ccdc12f32e6d10b34e42b3aff238658c31730dfeb63c168402c2e0 200
[debug] [2026-03-01T11:45:27.924Z] <<< [apiv2][body] POST https://upload-firebasehosting.googleapis.com/upload/sites/esncash/versions/c826a8246d3973bd/files/6d08f2e171ccdc12f32e6d10b34e42b3aff238658c31730dfeb63c168402c2e0 [stream]
[debug] [2026-03-01T11:45:27.930Z] <<< [apiv2][status] POST https://upload-firebasehosting.googleapis.com/upload/sites/esncash/versions/c826a8246d3973bd/files/d2d058307665a8f7871086e506a5590db851c92dd0e78085217521ad3f33b54c 200
[debug] [2026-03-01T11:45:27.930Z] <<< [apiv2][body] POST https://upload-firebasehosting.googleapis.com/upload/sites/esncash/versions/c826a8246d3973bd/files/d2d058307665a8f7871086e506a5590db851c92dd0e78085217521ad3f33b54c [stream]
[debug] [2026-03-01T11:45:27.931Z] <<< [apiv2][status] POST https://upload-firebasehosting.googleapis.com/upload/sites/esncash/versions/c826a8246d3973bd/files/a229385621c7ace59c3d1f7e07982d4b866049516b2aeffc98bcdc9938693743 200
[debug] [2026-03-01T11:45:27.931Z] <<< [apiv2][body] POST https://upload-firebasehosting.googleapis.com/upload/sites/esncash/versions/c826a8246d3973bd/files/a229385621c7ace59c3d1f7e07982d4b866049516b2aeffc98bcdc9938693743 [stream]
[debug] [2026-03-01T11:45:27.939Z] <<< [apiv2][status] POST https://upload-firebasehosting.googleapis.com/upload/sites/esncash/versions/c826a8246d3973bd/files/7f1378785223a9909caa2cc8044698b8046b0224726118912dc432377819c0b0 200
[debug] [2026-03-01T11:45:27.939Z] <<< [apiv2][body] POST https://upload-firebasehosting.googleapis.com/upload/sites/esncash/versions/c826a8246d3973bd/files/7f1378785223a9909caa2cc8044698b8046b0224726118912dc432377819c0b0 [stream]
[debug] [2026-03-01T11:45:27.978Z] <<< [apiv2][status] POST https://upload-firebasehosting.googleapis.com/upload/sites/esncash/versions/c826a8246d3973bd/files/a9fa7cf7171f19e068715fbd8864f23e74f98ba56648eb40aa2bd3d46b182d35 200
[debug] [2026-03-01T11:45:27.979Z] <<< [apiv2][body] POST https://upload-firebasehosting.googleapis.com/upload/sites/esncash/versions/c826a8246d3973bd/files/a9fa7cf7171f19e068715fbd8864f23e74f98ba56648eb40aa2bd3d46b182d35 [stream]
[debug] [2026-03-01T11:45:28.030Z] <<< [apiv2][status] POST https://upload-firebasehosting.googleapis.com/upload/sites/esncash/versions/c826a8246d3973bd/files/6d333c7cc89e86981631872a0387a534cae8c1552a2896f4caf2c4df4d38ca05 200
[debug] [2026-03-01T11:45:28.030Z] <<< [apiv2][body] POST https://upload-firebasehosting.googleapis.com/upload/sites/esncash/versions/c826a8246d3973bd/files/6d333c7cc89e86981631872a0387a534cae8c1552a2896f4caf2c4df4d38ca05 [stream]
[debug] [2026-03-01T11:45:28.066Z] <<< [apiv2][status] POST https://upload-firebasehosting.googleapis.com/upload/sites/esncash/versions/c826a8246d3973bd/files/a6df68590586635646dbab71e90e722889dfc101f17d8c8f8a6242d6a007fc8b 200
[debug] [2026-03-01T11:45:28.067Z] <<< [apiv2][body] POST https://upload-firebasehosting.googleapis.com/upload/sites/esncash/versions/c826a8246d3973bd/files/a6df68590586635646dbab71e90e722889dfc101f17d8c8f8a6242d6a007fc8b [stream]
[debug] [2026-03-01T11:45:28.092Z] <<< [apiv2][status] POST https://upload-firebasehosting.googleapis.com/upload/sites/esncash/versions/c826a8246d3973bd/files/13745728d2da5dce897cd64a26cd265f2221c714e0d6e297523c523ff1771ec0 200
[debug] [2026-03-01T11:45:28.092Z] <<< [apiv2][body] POST https://upload-firebasehosting.googleapis.com/upload/sites/esncash/versions/c826a8246d3973bd/files/13745728d2da5dce897cd64a26cd265f2221c714e0d6e297523c523ff1771ec0 [stream]
[debug] [2026-03-01T11:45:28.126Z] <<< [apiv2][status] POST https://upload-firebasehosting.googleapis.com/upload/sites/esncash/versions/c826a8246d3973bd/files/458208c405c684728c84a3dd087ed355417ac2f0012929cfd076f3a4111f91de 200
[debug] [2026-03-01T11:45:28.126Z] <<< [apiv2][body] POST https://upload-firebasehosting.googleapis.com/upload/sites/esncash/versions/c826a8246d3973bd/files/458208c405c684728c84a3dd087ed355417ac2f0012929cfd076f3a4111f91de [stream]
[debug] [2026-03-01T11:45:28.149Z] <<< [apiv2][status] POST https://upload-firebasehosting.googleapis.com/upload/sites/esncash/versions/c826a8246d3973bd/files/14490ba3e639fb6bea5db888411e304d5150cb76f765293f8ee5ca5429bf5f32 200
[debug] [2026-03-01T11:45:28.149Z] <<< [apiv2][body] POST https://upload-firebasehosting.googleapis.com/upload/sites/esncash/versions/c826a8246d3973bd/files/14490ba3e639fb6bea5db888411e304d5150cb76f765293f8ee5ca5429bf5f32 [stream]
[debug] [2026-03-01T11:45:28.183Z] <<< [apiv2][status] POST https://upload-firebasehosting.googleapis.com/upload/sites/esncash/versions/c826a8246d3973bd/files/c473af179b0def39e2ff27d33e1289e3462487a1d102a2d08247ff4dc32f24ac 200
[debug] [2026-03-01T11:45:28.184Z] <<< [apiv2][body] POST https://upload-firebasehosting.googleapis.com/upload/sites/esncash/versions/c826a8246d3973bd/files/c473af179b0def39e2ff27d33e1289e3462487a1d102a2d08247ff4dc32f24ac [stream]
[debug] [2026-03-01T11:45:28.285Z] <<< [apiv2][status] POST https://upload-firebasehosting.googleapis.com/upload/sites/esncash/versions/c826a8246d3973bd/files/26509fcd94d91d98f52b46951d70d84f94f3897d59d4022f3e5dc55fa8367964 200
[debug] [2026-03-01T11:45:28.285Z] <<< [apiv2][body] POST https://upload-firebasehosting.googleapis.com/upload/sites/esncash/versions/c826a8246d3973bd/files/26509fcd94d91d98f52b46951d70d84f94f3897d59d4022f3e5dc55fa8367964 [stream]
[debug] [2026-03-01T11:45:28.288Z] <<< [apiv2][status] POST https://upload-firebasehosting.googleapis.com/upload/sites/esncash/versions/c826a8246d3973bd/files/e474c18961d9364596d0920bd91c2b66a4fe75e979810ff28946873b310fc8da 200
[debug] [2026-03-01T11:45:28.288Z] <<< [apiv2][body] POST https://upload-firebasehosting.googleapis.com/upload/sites/esncash/versions/c826a8246d3973bd/files/e474c18961d9364596d0920bd91c2b66a4fe75e979810ff28946873b310fc8da [stream]
[debug] [2026-03-01T11:45:28.296Z] <<< [apiv2][status] POST https://upload-firebasehosting.googleapis.com/upload/sites/esncash/versions/c826a8246d3973bd/files/0ce9d0965aecb3b5031881a37d80f345d26fb7e073b6f11a9cf2779b6069da77 200
[debug] [2026-03-01T11:45:28.296Z] <<< [apiv2][body] POST https://upload-firebasehosting.googleapis.com/upload/sites/esncash/versions/c826a8246d3973bd/files/0ce9d0965aecb3b5031881a37d80f345d26fb7e073b6f11a9cf2779b6069da77 [stream]
[debug] [2026-03-01T11:45:28.380Z] <<< [apiv2][status] POST https://upload-firebasehosting.googleapis.com/upload/sites/esncash/versions/c826a8246d3973bd/files/3920eff126ce3bd92dd843c1289842e992f30fc5eda363d2de3c9366f34aa09a 200
[debug] [2026-03-01T11:45:28.380Z] <<< [apiv2][body] POST https://upload-firebasehosting.googleapis.com/upload/sites/esncash/versions/c826a8246d3973bd/files/3920eff126ce3bd92dd843c1289842e992f30fc5eda363d2de3c9366f34aa09a [stream]
[debug] [2026-03-01T11:45:28.436Z] <<< [apiv2][status] POST https://upload-firebasehosting.googleapis.com/upload/sites/esncash/versions/c826a8246d3973bd/files/0febb5ebbe30b534a357b8024f24276a55e50651fe8a40e2bc4a3d7219468e08 200
[debug] [2026-03-01T11:45:28.436Z] <<< [apiv2][body] POST https://upload-firebasehosting.googleapis.com/upload/sites/esncash/versions/c826a8246d3973bd/files/0febb5ebbe30b534a357b8024f24276a55e50651fe8a40e2bc4a3d7219468e08 [stream]
[debug] [2026-03-01T11:45:28.450Z] <<< [apiv2][status] POST https://upload-firebasehosting.googleapis.com/upload/sites/esncash/versions/c826a8246d3973bd/files/050894d0062cd002b3d8ff02ba2f00109638b3e66a9c0f2825404d589341b1a4 200
[debug] [2026-03-01T11:45:28.450Z] <<< [apiv2][body] POST https://upload-firebasehosting.googleapis.com/upload/sites/esncash/versions/c826a8246d3973bd/files/050894d0062cd002b3d8ff02ba2f00109638b3e66a9c0f2825404d589341b1a4 [stream]
[debug] [2026-03-01T11:45:28.450Z] [hosting][upload queue][FINAL] {"max":2216,"min":1600,"avg":1856.047619047619,"active":0,"complete":21,"success":21,"errored":0,"retried":0,"total":21,"elapsed":2217}
[info] ✔  hosting[esncash]: file upload complete 
[debug] [2026-03-01T11:45:28.451Z] [hosting] deploy completed after 4101ms
[info] i  functions: updating Node.js 20 (2nd Gen) function firebase-frameworks-esncash:ssresncash(us-central1)... 
[debug] [2026-03-01T11:45:28.454Z] Checked if tokens are valid: true, expires at: 1772368938699
[debug] [2026-03-01T11:45:28.454Z] Checked if tokens are valid: true, expires at: 1772368938699
[debug] [2026-03-01T11:45:28.455Z] >>> [apiv2][query] PATCH https://cloudfunctions.googleapis.com/v2/projects/esncash/locations/us-central1/functions/ssresncash updateMask=name%2CbuildConfig.runtime%2CbuildConfig.entryPoint%2CbuildConfig.source.storageSource.bucket%2CbuildConfig.source.storageSource.object%2CbuildConfig.environmentVariables%2CbuildConfig.sourceToken%2CserviceConfig.environmentVariables%2CserviceConfig.ingressSettings%2CserviceConfig.timeoutSeconds%2CserviceConfig.serviceAccountEmail%2CserviceConfig.availableMemory%2CserviceConfig.minInstanceCount%2CserviceConfig.maxInstanceCount%2CserviceConfig.maxInstanceRequestConcurrency%2CserviceConfig.availableCpu%2CserviceConfig.vpcConnector%2CserviceConfig.vpcConnectorEgressSettings%2Clabels%2CbuildConfig.buildEnvironmentVariables
[debug] [2026-03-01T11:45:28.455Z] >>> [apiv2][body] PATCH https://cloudfunctions.googleapis.com/v2/projects/esncash/locations/us-central1/functions/ssresncash {"name":"projects/esncash/locations/us-central1/functions/ssresncash","buildConfig":{"runtime":"nodejs20","entryPoint":"ssresncash","source":{"storageSource":{"bucket":"gcf-v2-uploads-398996048113.us-central1.cloudfunctions.appspot.com","object":"dc7a4b5a-b3c6-43d0-be01-3bbc3375a534.zip"}},"environmentVariables":{"GOOGLE_NODE_RUN_SCRIPTS":""}},"serviceConfig":{"environmentVariables":{"VERCEL_URL":"esncash.web.app","__FIREBASE_FRAMEWORKS_ENTRY__":"next.js","__FIREBASE_DEFAULTS__":"{\"config\":{\"projectId\":\"esncash\",\"appId\":\"1:398996048113:web:fa4fcfb28ca2a5750f0150\",\"storageBucket\":\"esncash.firebasestorage.app\",\"apiKey\":\"AIzaSyA5E0wI6Ekgkp_YssJ_GWAHPYkVMRGDEvs\",\"authDomain\":\"esncash.firebaseapp.com\",\"messagingSenderId\":\"398996048113\",\"measurementId\":\"G-JC7W8PHC7W\",\"projectNumber\":\"398996048113\",\"version\":\"2\"},\"_authTokenSyncURL\":\"/__session\"}","FIREBASE_CONFIG":"{\"projectId\":\"esncash\",\"storageBucket\":\"esncash.firebasestorage.app\"}","GCLOUD_PROJECT":"esncash","EVENTARC_CLOUD_EVENT_SOURCE":"projects/esncash/locations/us-central1/services/ssresncash","FUNCTION_TARGET":"ssresncash","LOG_EXECUTION_ID":"true"},"ingressSettings":null,"timeoutSeconds":null,"serviceAccountEmail":null,"availableMemory":"256Mi","minInstanceCount":null,"maxInstanceCount":null,"maxInstanceRequestConcurrency":80,"availableCpu":"1","vpcConnector":null,"vpcConnectorEgressSettings":null},"labels":{"deployment-tool":"cli-firebase","firebase-functions-codebase":"firebase-frameworks-esncash","firebase-functions-hash":"74e7004f76e1be656cb4ecd29948b2237b64face"}}
[debug] [2026-03-01T11:45:30.627Z] <<< [apiv2][status] PATCH https://cloudfunctions.googleapis.com/v2/projects/esncash/locations/us-central1/functions/ssresncash 200
[debug] [2026-03-01T11:45:30.627Z] <<< [apiv2][body] PATCH https://cloudfunctions.googleapis.com/v2/projects/esncash/locations/us-central1/functions/ssresncash {"name":"projects/esncash/locations/us-central1/operations/operation-1772365529570-64bf501cd5be2-f0bc16d5-3b7b6a7b","metadata":{"@type":"type.googleapis.com/google.cloud.functions.v2.OperationMetadata","createTime":"2026-03-01T11:45:30.725701598Z","target":"projects/esncash/locations/us-central1/functions/ssresncash","verb":"update","cancelRequested":false,"apiVersion":"v2"},"done":false}
[debug] [2026-03-01T11:45:30.628Z] Checked if tokens are valid: true, expires at: 1772368938699
[debug] [2026-03-01T11:45:30.628Z] Checked if tokens are valid: true, expires at: 1772368938699
[debug] [2026-03-01T11:45:30.628Z] >>> [apiv2][query] GET https://cloudfunctions.googleapis.com/v2/projects/esncash/locations/us-central1/operations/operation-1772365529570-64bf501cd5be2-f0bc16d5-3b7b6a7b [none]
[debug] [2026-03-01T11:45:31.722Z] <<< [apiv2][status] GET https://cloudfunctions.googleapis.com/v2/projects/esncash/locations/us-central1/operations/operation-1772365529570-64bf501cd5be2-f0bc16d5-3b7b6a7b 200
[debug] [2026-03-01T11:45:31.722Z] <<< [apiv2][body] GET https://cloudfunctions.googleapis.com/v2/projects/esncash/locations/us-central1/operations/operation-1772365529570-64bf501cd5be2-f0bc16d5-3b7b6a7b {"name":"projects/esncash/locations/us-central1/operations/operation-1772365529570-64bf501cd5be2-f0bc16d5-3b7b6a7b","metadata":{"@type":"type.googleapis.com/google.cloud.functions.v2.OperationMetadata","createTime":"2026-03-01T11:45:30.725701598Z","target":"projects/esncash/locations/us-central1/functions/ssresncash","verb":"update","cancelRequested":false,"apiVersion":"v2","requestResource":{"@type":"type.googleapis.com/google.cloud.functions.v2.Function","name":"projects/esncash/locations/us-central1/functions/ssresncash","buildConfig":{"runtime":"nodejs20","entryPoint":"ssresncash","source":{"storageSource":{"bucket":"gcf-v2-sources-398996048113-us-central1","object":"ssresncash/function-source.zip","generation":"1772365530553024"}},"environmentVariables":{"GOOGLE_NODE_RUN_SCRIPTS":""},"dockerRepository":"projects/esncash/locations/us-central1/repositories/gcf-artifacts","sourceProvenance":{"resolvedStorageSource":{"bucket":"gcf-v2-sources-398996048113-us-central1","object":"ssresncash/function-source.zip","generation":"1771836092562870"}},"dockerRegistry":"ARTIFACT_REGISTRY","serviceAccount":"projects/esncash/serviceAccounts/398996048113-compute@developer.gserviceaccount.com","automaticUpdatePolicy":{}},"serviceConfig":{"service":"projects/esncash/locations/us-central1/services/ssresncash","timeoutSeconds":60,"environmentVariables":{"VERCEL_URL":"esncash.web.app","__FIREBASE_FRAMEWORKS_ENTRY__":"next.js","__FIREBASE_DEFAULTS__":"{\"config\":{\"projectId\":\"esncash\",\"appId\":\"1:398996048113:web:fa4fcfb28ca2a5750f0150\",\"storageBucket\":\"esncash.firebasestorage.app\",\"apiKey\":\"AIzaSyA5E0wI6Ekgkp_YssJ_GWAHPYkVMRGDEvs\",\"authDomain\":\"esncash.firebaseapp.com\",\"messagingSenderId\":\"398996048113\",\"measurementId\":\"G-JC7W8PHC7W\",\"projectNumber\":\"398996048113\",\"version\":\"2\"},\"_authTokenSyncURL\":\"/__session\"}","FIREBASE_CONFIG":"{\"projectId\":\"esncash\",\"storageBucket\":\"esncash.firebasestorage.app\"}","GCLOUD_PROJECT":"esncash","EVENTARC_CLOUD_EVENT_SOURCE":"projects/esncash/locations/us-central1/services/ssresncash","FUNCTION_TARGET":"ssresncash","LOG_EXECUTION_ID":"true"},"ingressSettings":"ALLOW_ALL","serviceAccountEmail":"398996048113-compute@developer.gserviceaccount.com","availableMemory":"256Mi","maxInstanceRequestConcurrency":80,"availableCpu":"1"},"state":"UNKNOWN","labels":{"firebase-functions-codebase":"firebase-frameworks-esncash","firebase-functions-hash":"74e7004f76e1be656cb4ecd29948b2237b64face"},"stateMessages":[{"severity":"ERROR","type":"CloudRunServiceNotFound","message":"Cloud Run service projects/esncash/locations/us-central1/services/ssresncash for the function was not found. The function will not work correctly. Please redeploy."}],"environment":"GEN_2","url":"https://us-central1-esncash.cloudfunctions.net/ssresncash","satisfiesPzi":true},"stages":[{"name":"BUILD","message":"Build in progress","state":"IN_PROGRESS","resource":"projects/398996048113/locations/us-central1/builds/2f362c04-e352-43c6-b1e4-8a7813f5b37b","resourceUri":"https://console.cloud.google.com/cloud-build/builds;region=us-central1/2f362c04-e352-43c6-b1e4-8a7813f5b37b?project=398996048113"},{"name":"SERVICE","state":"NOT_STARTED"}],"operationType":"UPDATE_FUNCTION","buildName":"projects/398996048113/locations/us-central1/builds/2f362c04-e352-43c6-b1e4-8a7813f5b37b"},"done":false}
[debug] [2026-03-01T11:45:32.224Z] [update-firebase-frameworks-esncash-us-central1-ssresncash] Retrying task index 0
[debug] [2026-03-01T11:45:32.224Z] Checked if tokens are valid: true, expires at: 1772368938699
[debug] [2026-03-01T11:45:32.224Z] Checked if tokens are valid: true, expires at: 1772368938699
[debug] [2026-03-01T11:45:32.224Z] >>> [apiv2][query] GET https://cloudfunctions.googleapis.com/v2/projects/esncash/locations/us-central1/operations/operation-1772365529570-64bf501cd5be2-f0bc16d5-3b7b6a7b [none]
[debug] [2026-03-01T11:45:33.257Z] <<< [apiv2][status] GET https://cloudfunctions.googleapis.com/v2/projects/esncash/locations/us-central1/operations/operation-1772365529570-64bf501cd5be2-f0bc16d5-3b7b6a7b 200
[debug] [2026-03-01T11:45:33.257Z] <<< [apiv2][body] GET https://cloudfunctions.googleapis.com/v2/projects/esncash/locations/us-central1/operations/operation-1772365529570-64bf501cd5be2-f0bc16d5-3b7b6a7b {"name":"projects/esncash/locations/us-central1/operations/operation-1772365529570-64bf501cd5be2-f0bc16d5-3b7b6a7b","metadata":{"@type":"type.googleapis.com/google.cloud.functions.v2.OperationMetadata","createTime":"2026-03-01T11:45:30.725701598Z","target":"projects/esncash/locations/us-central1/functions/ssresncash","verb":"update","cancelRequested":false,"apiVersion":"v2","requestResource":{"@type":"type.googleapis.com/google.cloud.functions.v2.Function","name":"projects/esncash/locations/us-central1/functions/ssresncash","buildConfig":{"runtime":"nodejs20","entryPoint":"ssresncash","source":{"storageSource":{"bucket":"gcf-v2-sources-398996048113-us-central1","object":"ssresncash/function-source.zip","generation":"1772365530553024"}},"environmentVariables":{"GOOGLE_NODE_RUN_SCRIPTS":""},"dockerRepository":"projects/esncash/locations/us-central1/repositories/gcf-artifacts","sourceProvenance":{"resolvedStorageSource":{"bucket":"gcf-v2-sources-398996048113-us-central1","object":"ssresncash/function-source.zip","generation":"1771836092562870"}},"dockerRegistry":"ARTIFACT_REGISTRY","serviceAccount":"projects/esncash/serviceAccounts/398996048113-compute@developer.gserviceaccount.com","automaticUpdatePolicy":{}},"serviceConfig":{"service":"projects/esncash/locations/us-central1/services/ssresncash","timeoutSeconds":60,"environmentVariables":{"VERCEL_URL":"esncash.web.app","__FIREBASE_FRAMEWORKS_ENTRY__":"next.js","__FIREBASE_DEFAULTS__":"{\"config\":{\"projectId\":\"esncash\",\"appId\":\"1:398996048113:web:fa4fcfb28ca2a5750f0150\",\"storageBucket\":\"esncash.firebasestorage.app\",\"apiKey\":\"AIzaSyA5E0wI6Ekgkp_YssJ_GWAHPYkVMRGDEvs\",\"authDomain\":\"esncash.firebaseapp.com\",\"messagingSenderId\":\"398996048113\",\"measurementId\":\"G-JC7W8PHC7W\",\"projectNumber\":\"398996048113\",\"version\":\"2\"},\"_authTokenSyncURL\":\"/__session\"}","FIREBASE_CONFIG":"{\"projectId\":\"esncash\",\"storageBucket\":\"esncash.firebasestorage.app\"}","GCLOUD_PROJECT":"esncash","EVENTARC_CLOUD_EVENT_SOURCE":"projects/esncash/locations/us-central1/services/ssresncash","FUNCTION_TARGET":"ssresncash","LOG_EXECUTION_ID":"true"},"ingressSettings":"ALLOW_ALL","serviceAccountEmail":"398996048113-compute@developer.gserviceaccount.com","availableMemory":"256Mi","maxInstanceRequestConcurrency":80,"availableCpu":"1"},"state":"UNKNOWN","labels":{"firebase-functions-codebase":"firebase-frameworks-esncash","firebase-functions-hash":"74e7004f76e1be656cb4ecd29948b2237b64face"},"stateMessages":[{"severity":"ERROR","type":"CloudRunServiceNotFound","message":"Cloud Run service projects/esncash/locations/us-central1/services/ssresncash for the function was not found. The function will not work correctly. Please redeploy."}],"environment":"GEN_2","url":"https://us-central1-esncash.cloudfunctions.net/ssresncash","satisfiesPzi":true},"stages":[{"name":"BUILD","message":"Build in progress","state":"IN_PROGRESS","resource":"projects/398996048113/locations/us-central1/builds/2f362c04-e352-43c6-b1e4-8a7813f5b37b","resourceUri":"https://console.cloud.google.com/cloud-build/builds;region=us-central1/2f362c04-e352-43c6-b1e4-8a7813f5b37b?project=398996048113"},{"name":"SERVICE","state":"NOT_STARTED"}],"operationType":"UPDATE_FUNCTION","buildName":"projects/398996048113/locations/us-central1/builds/2f362c04-e352-43c6-b1e4-8a7813f5b37b"},"done":false}
[debug] [2026-03-01T11:45:34.258Z] [update-firebase-frameworks-esncash-us-central1-ssresncash] Retrying task index 0
[debug] [2026-03-01T11:45:34.258Z] Checked if tokens are valid: true, expires at: 1772368938699
[debug] [2026-03-01T11:45:34.258Z] Checked if tokens are valid: true, expires at: 1772368938699
[debug] [2026-03-01T11:45:34.258Z] >>> [apiv2][query] GET https://cloudfunctions.googleapis.com/v2/projects/esncash/locations/us-central1/operations/operation-1772365529570-64bf501cd5be2-f0bc16d5-3b7b6a7b [none]
[debug] [2026-03-01T11:45:35.306Z] <<< [apiv2][status] GET https://cloudfunctions.googleapis.com/v2/projects/esncash/locations/us-central1/operations/operation-1772365529570-64bf501cd5be2-f0bc16d5-3b7b6a7b 200
[debug] [2026-03-01T11:45:35.306Z] <<< [apiv2][body] GET https://cloudfunctions.googleapis.com/v2/projects/esncash/locations/us-central1/operations/operation-1772365529570-64bf501cd5be2-f0bc16d5-3b7b6a7b {"name":"projects/esncash/locations/us-central1/operations/operation-1772365529570-64bf501cd5be2-f0bc16d5-3b7b6a7b","metadata":{"@type":"type.googleapis.com/google.cloud.functions.v2.OperationMetadata","createTime":"2026-03-01T11:45:30.725701598Z","target":"projects/esncash/locations/us-central1/functions/ssresncash","verb":"update","cancelRequested":false,"apiVersion":"v2","requestResource":{"@type":"type.googleapis.com/google.cloud.functions.v2.Function","name":"projects/esncash/locations/us-central1/functions/ssresncash","buildConfig":{"runtime":"nodejs20","entryPoint":"ssresncash","source":{"storageSource":{"bucket":"gcf-v2-sources-398996048113-us-central1","object":"ssresncash/function-source.zip","generation":"1772365530553024"}},"environmentVariables":{"GOOGLE_NODE_RUN_SCRIPTS":""},"dockerRepository":"projects/esncash/locations/us-central1/repositories/gcf-artifacts","sourceProvenance":{"resolvedStorageSource":{"bucket":"gcf-v2-sources-398996048113-us-central1","object":"ssresncash/function-source.zip","generation":"1771836092562870"}},"dockerRegistry":"ARTIFACT_REGISTRY","serviceAccount":"projects/esncash/serviceAccounts/398996048113-compute@developer.gserviceaccount.com","automaticUpdatePolicy":{}},"serviceConfig":{"service":"projects/esncash/locations/us-central1/services/ssresncash","timeoutSeconds":60,"environmentVariables":{"VERCEL_URL":"esncash.web.app","__FIREBASE_FRAMEWORKS_ENTRY__":"next.js","__FIREBASE_DEFAULTS__":"{\"config\":{\"projectId\":\"esncash\",\"appId\":\"1:398996048113:web:fa4fcfb28ca2a5750f0150\",\"storageBucket\":\"esncash.firebasestorage.app\",\"apiKey\":\"AIzaSyA5E0wI6Ekgkp_YssJ_GWAHPYkVMRGDEvs\",\"authDomain\":\"esncash.firebaseapp.com\",\"messagingSenderId\":\"398996048113\",\"measurementId\":\"G-JC7W8PHC7W\",\"projectNumber\":\"398996048113\",\"version\":\"2\"},\"_authTokenSyncURL\":\"/__session\"}","FIREBASE_CONFIG":"{\"projectId\":\"esncash\",\"storageBucket\":\"esncash.firebasestorage.app\"}","GCLOUD_PROJECT":"esncash","EVENTARC_CLOUD_EVENT_SOURCE":"projects/esncash/locations/us-central1/services/ssresncash","FUNCTION_TARGET":"ssresncash","LOG_EXECUTION_ID":"true"},"ingressSettings":"ALLOW_ALL","serviceAccountEmail":"398996048113-compute@developer.gserviceaccount.com","availableMemory":"256Mi","maxInstanceRequestConcurrency":80,"availableCpu":"1"},"state":"UNKNOWN","labels":{"firebase-functions-codebase":"firebase-frameworks-esncash","firebase-functions-hash":"74e7004f76e1be656cb4ecd29948b2237b64face"},"stateMessages":[{"severity":"ERROR","type":"CloudRunServiceNotFound","message":"Cloud Run service projects/esncash/locations/us-central1/services/ssresncash for the function was not found. The function will not work correctly. Please redeploy."}],"environment":"GEN_2","url":"https://us-central1-esncash.cloudfunctions.net/ssresncash","satisfiesPzi":true},"stages":[{"name":"BUILD","message":"Build in progress","state":"IN_PROGRESS","resource":"projects/398996048113/locations/us-central1/builds/2f362c04-e352-43c6-b1e4-8a7813f5b37b","resourceUri":"https://console.cloud.google.com/cloud-build/builds;region=us-central1/2f362c04-e352-43c6-b1e4-8a7813f5b37b?project=398996048113"},{"name":"SERVICE","state":"NOT_STARTED"}],"operationType":"UPDATE_FUNCTION","buildName":"projects/398996048113/locations/us-central1/builds/2f362c04-e352-43c6-b1e4-8a7813f5b37b"},"done":false}
[debug] [2026-03-01T11:45:37.307Z] [update-firebase-frameworks-esncash-us-central1-ssresncash] Retrying task index 0
[debug] [2026-03-01T11:45:37.308Z] Checked if tokens are valid: true, expires at: 1772368938699
[debug] [2026-03-01T11:45:37.308Z] Checked if tokens are valid: true, expires at: 1772368938699
[debug] [2026-03-01T11:45:37.308Z] >>> [apiv2][query] GET https://cloudfunctions.googleapis.com/v2/projects/esncash/locations/us-central1/operations/operation-1772365529570-64bf501cd5be2-f0bc16d5-3b7b6a7b [none]
[debug] [2026-03-01T11:45:38.305Z] <<< [apiv2][status] GET https://cloudfunctions.googleapis.com/v2/projects/esncash/locations/us-central1/operations/operation-1772365529570-64bf501cd5be2-f0bc16d5-3b7b6a7b 200
[debug] [2026-03-01T11:45:38.305Z] <<< [apiv2][body] GET https://cloudfunctions.googleapis.com/v2/projects/esncash/locations/us-central1/operations/operation-1772365529570-64bf501cd5be2-f0bc16d5-3b7b6a7b {"name":"projects/esncash/locations/us-central1/operations/operation-1772365529570-64bf501cd5be2-f0bc16d5-3b7b6a7b","metadata":{"@type":"type.googleapis.com/google.cloud.functions.v2.OperationMetadata","createTime":"2026-03-01T11:45:30.725701598Z","target":"projects/esncash/locations/us-central1/functions/ssresncash","verb":"update","cancelRequested":false,"apiVersion":"v2","requestResource":{"@type":"type.googleapis.com/google.cloud.functions.v2.Function","name":"projects/esncash/locations/us-central1/functions/ssresncash","buildConfig":{"runtime":"nodejs20","entryPoint":"ssresncash","source":{"storageSource":{"bucket":"gcf-v2-sources-398996048113-us-central1","object":"ssresncash/function-source.zip","generation":"1772365530553024"}},"environmentVariables":{"GOOGLE_NODE_RUN_SCRIPTS":""},"dockerRepository":"projects/esncash/locations/us-central1/repositories/gcf-artifacts","sourceProvenance":{"resolvedStorageSource":{"bucket":"gcf-v2-sources-398996048113-us-central1","object":"ssresncash/function-source.zip","generation":"1771836092562870"}},"dockerRegistry":"ARTIFACT_REGISTRY","serviceAccount":"projects/esncash/serviceAccounts/398996048113-compute@developer.gserviceaccount.com","automaticUpdatePolicy":{}},"serviceConfig":{"service":"projects/esncash/locations/us-central1/services/ssresncash","timeoutSeconds":60,"environmentVariables":{"VERCEL_URL":"esncash.web.app","__FIREBASE_FRAMEWORKS_ENTRY__":"next.js","__FIREBASE_DEFAULTS__":"{\"config\":{\"projectId\":\"esncash\",\"appId\":\"1:398996048113:web:fa4fcfb28ca2a5750f0150\",\"storageBucket\":\"esncash.firebasestorage.app\",\"apiKey\":\"AIzaSyA5E0wI6Ekgkp_YssJ_GWAHPYkVMRGDEvs\",\"authDomain\":\"esncash.firebaseapp.com\",\"messagingSenderId\":\"398996048113\",\"measurementId\":\"G-JC7W8PHC7W\",\"projectNumber\":\"398996048113\",\"version\":\"2\"},\"_authTokenSyncURL\":\"/__session\"}","FIREBASE_CONFIG":"{\"projectId\":\"esncash\",\"storageBucket\":\"esncash.firebasestorage.app\"}","GCLOUD_PROJECT":"esncash","EVENTARC_CLOUD_EVENT_SOURCE":"projects/esncash/locations/us-central1/services/ssresncash","FUNCTION_TARGET":"ssresncash","LOG_EXECUTION_ID":"true"},"ingressSettings":"ALLOW_ALL","serviceAccountEmail":"398996048113-compute@developer.gserviceaccount.com","availableMemory":"256Mi","maxInstanceRequestConcurrency":80,"availableCpu":"1"},"state":"UNKNOWN","labels":{"firebase-functions-codebase":"firebase-frameworks-esncash","firebase-functions-hash":"74e7004f76e1be656cb4ecd29948b2237b64face"},"stateMessages":[{"severity":"ERROR","type":"CloudRunServiceNotFound","message":"Cloud Run service projects/esncash/locations/us-central1/services/ssresncash for the function was not found. The function will not work correctly. Please redeploy."}],"environment":"GEN_2","url":"https://us-central1-esncash.cloudfunctions.net/ssresncash","satisfiesPzi":true},"stages":[{"name":"BUILD","message":"Build in progress","state":"IN_PROGRESS","resource":"projects/398996048113/locations/us-central1/builds/2f362c04-e352-43c6-b1e4-8a7813f5b37b","resourceUri":"https://console.cloud.google.com/cloud-build/builds;region=us-central1/2f362c04-e352-43c6-b1e4-8a7813f5b37b?project=398996048113"},{"name":"SERVICE","state":"NOT_STARTED"}],"operationType":"UPDATE_FUNCTION","buildName":"projects/398996048113/locations/us-central1/builds/2f362c04-e352-43c6-b1e4-8a7813f5b37b"},"done":false}
[debug] [2026-03-01T11:45:42.307Z] [update-firebase-frameworks-esncash-us-central1-ssresncash] Retrying task index 0
[debug] [2026-03-01T11:45:42.308Z] Checked if tokens are valid: true, expires at: 1772368938699
[debug] [2026-03-01T11:45:42.308Z] Checked if tokens are valid: true, expires at: 1772368938699
[debug] [2026-03-01T11:45:42.308Z] >>> [apiv2][query] GET https://cloudfunctions.googleapis.com/v2/projects/esncash/locations/us-central1/operations/operation-1772365529570-64bf501cd5be2-f0bc16d5-3b7b6a7b [none]
[debug] [2026-03-01T11:45:43.393Z] <<< [apiv2][status] GET https://cloudfunctions.googleapis.com/v2/projects/esncash/locations/us-central1/operations/operation-1772365529570-64bf501cd5be2-f0bc16d5-3b7b6a7b 200
[debug] [2026-03-01T11:45:43.393Z] <<< [apiv2][body] GET https://cloudfunctions.googleapis.com/v2/projects/esncash/locations/us-central1/operations/operation-1772365529570-64bf501cd5be2-f0bc16d5-3b7b6a7b {"name":"projects/esncash/locations/us-central1/operations/operation-1772365529570-64bf501cd5be2-f0bc16d5-3b7b6a7b","metadata":{"@type":"type.googleapis.com/google.cloud.functions.v2.OperationMetadata","createTime":"2026-03-01T11:45:30.725701598Z","target":"projects/esncash/locations/us-central1/functions/ssresncash","verb":"update","cancelRequested":false,"apiVersion":"v2","requestResource":{"@type":"type.googleapis.com/google.cloud.functions.v2.Function","name":"projects/esncash/locations/us-central1/functions/ssresncash","buildConfig":{"runtime":"nodejs20","entryPoint":"ssresncash","source":{"storageSource":{"bucket":"gcf-v2-sources-398996048113-us-central1","object":"ssresncash/function-source.zip","generation":"1772365530553024"}},"environmentVariables":{"GOOGLE_NODE_RUN_SCRIPTS":""},"dockerRepository":"projects/esncash/locations/us-central1/repositories/gcf-artifacts","sourceProvenance":{"resolvedStorageSource":{"bucket":"gcf-v2-sources-398996048113-us-central1","object":"ssresncash/function-source.zip","generation":"1771836092562870"}},"dockerRegistry":"ARTIFACT_REGISTRY","serviceAccount":"projects/esncash/serviceAccounts/398996048113-compute@developer.gserviceaccount.com","automaticUpdatePolicy":{}},"serviceConfig":{"service":"projects/esncash/locations/us-central1/services/ssresncash","timeoutSeconds":60,"environmentVariables":{"VERCEL_URL":"esncash.web.app","__FIREBASE_FRAMEWORKS_ENTRY__":"next.js","__FIREBASE_DEFAULTS__":"{\"config\":{\"projectId\":\"esncash\",\"appId\":\"1:398996048113:web:fa4fcfb28ca2a5750f0150\",\"storageBucket\":\"esncash.firebasestorage.app\",\"apiKey\":\"AIzaSyA5E0wI6Ekgkp_YssJ_GWAHPYkVMRGDEvs\",\"authDomain\":\"esncash.firebaseapp.com\",\"messagingSenderId\":\"398996048113\",\"measurementId\":\"G-JC7W8PHC7W\",\"projectNumber\":\"398996048113\",\"version\":\"2\"},\"_authTokenSyncURL\":\"/__session\"}","FIREBASE_CONFIG":"{\"projectId\":\"esncash\",\"storageBucket\":\"esncash.firebasestorage.app\"}","GCLOUD_PROJECT":"esncash","EVENTARC_CLOUD_EVENT_SOURCE":"projects/esncash/locations/us-central1/services/ssresncash","FUNCTION_TARGET":"ssresncash","LOG_EXECUTION_ID":"true"},"ingressSettings":"ALLOW_ALL","serviceAccountEmail":"398996048113-compute@developer.gserviceaccount.com","availableMemory":"256Mi","maxInstanceRequestConcurrency":80,"availableCpu":"1"},"state":"UNKNOWN","labels":{"firebase-functions-codebase":"firebase-frameworks-esncash","firebase-functions-hash":"74e7004f76e1be656cb4ecd29948b2237b64face"},"stateMessages":[{"severity":"ERROR","type":"CloudRunServiceNotFound","message":"Cloud Run service projects/esncash/locations/us-central1/services/ssresncash for the function was not found. The function will not work correctly. Please redeploy."}],"environment":"GEN_2","url":"https://us-central1-esncash.cloudfunctions.net/ssresncash","satisfiesPzi":true},"stages":[{"name":"BUILD","message":"Build in progress","state":"IN_PROGRESS","resource":"projects/398996048113/locations/us-central1/builds/2f362c04-e352-43c6-b1e4-8a7813f5b37b","resourceUri":"https://console.cloud.google.com/cloud-build/builds;region=us-central1/2f362c04-e352-43c6-b1e4-8a7813f5b37b?project=398996048113"},{"name":"SERVICE","state":"NOT_STARTED"}],"operationType":"UPDATE_FUNCTION","buildName":"projects/398996048113/locations/us-central1/builds/2f362c04-e352-43c6-b1e4-8a7813f5b37b"},"done":false}
[debug] [2026-03-01T11:45:51.394Z] [update-firebase-frameworks-esncash-us-central1-ssresncash] Retrying task index 0
[debug] [2026-03-01T11:45:51.394Z] Checked if tokens are valid: true, expires at: 1772368938699
[debug] [2026-03-01T11:45:51.394Z] Checked if tokens are valid: true, expires at: 1772368938699
[debug] [2026-03-01T11:45:51.394Z] >>> [apiv2][query] GET https://cloudfunctions.googleapis.com/v2/projects/esncash/locations/us-central1/operations/operation-1772365529570-64bf501cd5be2-f0bc16d5-3b7b6a7b [none]
[debug] [2026-03-01T11:45:52.404Z] <<< [apiv2][status] GET https://cloudfunctions.googleapis.com/v2/projects/esncash/locations/us-central1/operations/operation-1772365529570-64bf501cd5be2-f0bc16d5-3b7b6a7b 200
[debug] [2026-03-01T11:45:52.404Z] <<< [apiv2][body] GET https://cloudfunctions.googleapis.com/v2/projects/esncash/locations/us-central1/operations/operation-1772365529570-64bf501cd5be2-f0bc16d5-3b7b6a7b {"name":"projects/esncash/locations/us-central1/operations/operation-1772365529570-64bf501cd5be2-f0bc16d5-3b7b6a7b","metadata":{"@type":"type.googleapis.com/google.cloud.functions.v2.OperationMetadata","createTime":"2026-03-01T11:45:30.725701598Z","target":"projects/esncash/locations/us-central1/functions/ssresncash","verb":"update","cancelRequested":false,"apiVersion":"v2","requestResource":{"@type":"type.googleapis.com/google.cloud.functions.v2.Function","name":"projects/esncash/locations/us-central1/functions/ssresncash","buildConfig":{"runtime":"nodejs20","entryPoint":"ssresncash","source":{"storageSource":{"bucket":"gcf-v2-sources-398996048113-us-central1","object":"ssresncash/function-source.zip","generation":"1772365530553024"}},"environmentVariables":{"GOOGLE_NODE_RUN_SCRIPTS":""},"dockerRepository":"projects/esncash/locations/us-central1/repositories/gcf-artifacts","sourceProvenance":{"resolvedStorageSource":{"bucket":"gcf-v2-sources-398996048113-us-central1","object":"ssresncash/function-source.zip","generation":"1771836092562870"}},"dockerRegistry":"ARTIFACT_REGISTRY","serviceAccount":"projects/esncash/serviceAccounts/398996048113-compute@developer.gserviceaccount.com","automaticUpdatePolicy":{}},"serviceConfig":{"service":"projects/esncash/locations/us-central1/services/ssresncash","timeoutSeconds":60,"environmentVariables":{"VERCEL_URL":"esncash.web.app","__FIREBASE_FRAMEWORKS_ENTRY__":"next.js","__FIREBASE_DEFAULTS__":"{\"config\":{\"projectId\":\"esncash\",\"appId\":\"1:398996048113:web:fa4fcfb28ca2a5750f0150\",\"storageBucket\":\"esncash.firebasestorage.app\",\"apiKey\":\"AIzaSyA5E0wI6Ekgkp_YssJ_GWAHPYkVMRGDEvs\",\"authDomain\":\"esncash.firebaseapp.com\",\"messagingSenderId\":\"398996048113\",\"measurementId\":\"G-JC7W8PHC7W\",\"projectNumber\":\"398996048113\",\"version\":\"2\"},\"_authTokenSyncURL\":\"/__session\"}","FIREBASE_CONFIG":"{\"projectId\":\"esncash\",\"storageBucket\":\"esncash.firebasestorage.app\"}","GCLOUD_PROJECT":"esncash","EVENTARC_CLOUD_EVENT_SOURCE":"projects/esncash/locations/us-central1/services/ssresncash","FUNCTION_TARGET":"ssresncash","LOG_EXECUTION_ID":"true"},"ingressSettings":"ALLOW_ALL","serviceAccountEmail":"398996048113-compute@developer.gserviceaccount.com","availableMemory":"256Mi","maxInstanceRequestConcurrency":80,"availableCpu":"1"},"state":"UNKNOWN","labels":{"firebase-functions-codebase":"firebase-frameworks-esncash","firebase-functions-hash":"74e7004f76e1be656cb4ecd29948b2237b64face"},"stateMessages":[{"severity":"ERROR","type":"CloudRunServiceNotFound","message":"Cloud Run service projects/esncash/locations/us-central1/services/ssresncash for the function was not found. The function will not work correctly. Please redeploy."}],"environment":"GEN_2","url":"https://us-central1-esncash.cloudfunctions.net/ssresncash","satisfiesPzi":true},"stages":[{"name":"BUILD","message":"Build in progress","state":"IN_PROGRESS","resource":"projects/398996048113/locations/us-central1/builds/2f362c04-e352-43c6-b1e4-8a7813f5b37b","resourceUri":"https://console.cloud.google.com/cloud-build/builds;region=us-central1/2f362c04-e352-43c6-b1e4-8a7813f5b37b?project=398996048113"},{"name":"SERVICE","state":"NOT_STARTED"}],"operationType":"UPDATE_FUNCTION","buildName":"projects/398996048113/locations/us-central1/builds/2f362c04-e352-43c6-b1e4-8a7813f5b37b"},"done":false}
[debug] [2026-03-01T11:46:02.406Z] [update-firebase-frameworks-esncash-us-central1-ssresncash] Retrying task index 0
[debug] [2026-03-01T11:46:02.406Z] Checked if tokens are valid: true, expires at: 1772368938699
[debug] [2026-03-01T11:46:02.406Z] Checked if tokens are valid: true, expires at: 1772368938699
[debug] [2026-03-01T11:46:02.406Z] >>> [apiv2][query] GET https://cloudfunctions.googleapis.com/v2/projects/esncash/locations/us-central1/operations/operation-1772365529570-64bf501cd5be2-f0bc16d5-3b7b6a7b [none]
[debug] [2026-03-01T11:46:03.361Z] <<< [apiv2][status] GET https://cloudfunctions.googleapis.com/v2/projects/esncash/locations/us-central1/operations/operation-1772365529570-64bf501cd5be2-f0bc16d5-3b7b6a7b 200
[debug] [2026-03-01T11:46:03.361Z] <<< [apiv2][body] GET https://cloudfunctions.googleapis.com/v2/projects/esncash/locations/us-central1/operations/operation-1772365529570-64bf501cd5be2-f0bc16d5-3b7b6a7b {"name":"projects/esncash/locations/us-central1/operations/operation-1772365529570-64bf501cd5be2-f0bc16d5-3b7b6a7b","metadata":{"@type":"type.googleapis.com/google.cloud.functions.v2.OperationMetadata","createTime":"2026-03-01T11:45:30.725701598Z","target":"projects/esncash/locations/us-central1/functions/ssresncash","verb":"update","cancelRequested":false,"apiVersion":"v2","requestResource":{"@type":"type.googleapis.com/google.cloud.functions.v2.Function","name":"projects/esncash/locations/us-central1/functions/ssresncash","buildConfig":{"runtime":"nodejs20","entryPoint":"ssresncash","source":{"storageSource":{"bucket":"gcf-v2-sources-398996048113-us-central1","object":"ssresncash/function-source.zip","generation":"1772365530553024"}},"environmentVariables":{"GOOGLE_NODE_RUN_SCRIPTS":""},"dockerRepository":"projects/esncash/locations/us-central1/repositories/gcf-artifacts","sourceProvenance":{"resolvedStorageSource":{"bucket":"gcf-v2-sources-398996048113-us-central1","object":"ssresncash/function-source.zip","generation":"1771836092562870"}},"dockerRegistry":"ARTIFACT_REGISTRY","serviceAccount":"projects/esncash/serviceAccounts/398996048113-compute@developer.gserviceaccount.com","automaticUpdatePolicy":{}},"serviceConfig":{"service":"projects/esncash/locations/us-central1/services/ssresncash","timeoutSeconds":60,"environmentVariables":{"VERCEL_URL":"esncash.web.app","__FIREBASE_FRAMEWORKS_ENTRY__":"next.js","__FIREBASE_DEFAULTS__":"{\"config\":{\"projectId\":\"esncash\",\"appId\":\"1:398996048113:web:fa4fcfb28ca2a5750f0150\",\"storageBucket\":\"esncash.firebasestorage.app\",\"apiKey\":\"AIzaSyA5E0wI6Ekgkp_YssJ_GWAHPYkVMRGDEvs\",\"authDomain\":\"esncash.firebaseapp.com\",\"messagingSenderId\":\"398996048113\",\"measurementId\":\"G-JC7W8PHC7W\",\"projectNumber\":\"398996048113\",\"version\":\"2\"},\"_authTokenSyncURL\":\"/__session\"}","FIREBASE_CONFIG":"{\"projectId\":\"esncash\",\"storageBucket\":\"esncash.firebasestorage.app\"}","GCLOUD_PROJECT":"esncash","EVENTARC_CLOUD_EVENT_SOURCE":"projects/esncash/locations/us-central1/services/ssresncash","FUNCTION_TARGET":"ssresncash","LOG_EXECUTION_ID":"true"},"ingressSettings":"ALLOW_ALL","serviceAccountEmail":"398996048113-compute@developer.gserviceaccount.com","availableMemory":"256Mi","maxInstanceRequestConcurrency":80,"availableCpu":"1"},"state":"UNKNOWN","labels":{"firebase-functions-codebase":"firebase-frameworks-esncash","firebase-functions-hash":"74e7004f76e1be656cb4ecd29948b2237b64face"},"stateMessages":[{"severity":"ERROR","type":"CloudRunServiceNotFound","message":"Cloud Run service projects/esncash/locations/us-central1/services/ssresncash for the function was not found. The function will not work correctly. Please redeploy."}],"environment":"GEN_2","url":"https://us-central1-esncash.cloudfunctions.net/ssresncash","satisfiesPzi":true},"stages":[{"name":"BUILD","message":"Build in progress","state":"IN_PROGRESS","resource":"projects/398996048113/locations/us-central1/builds/2f362c04-e352-43c6-b1e4-8a7813f5b37b","resourceUri":"https://console.cloud.google.com/cloud-build/builds;region=us-central1/2f362c04-e352-43c6-b1e4-8a7813f5b37b?project=398996048113"},{"name":"SERVICE","state":"NOT_STARTED"}],"operationType":"UPDATE_FUNCTION","buildName":"projects/398996048113/locations/us-central1/builds/2f362c04-e352-43c6-b1e4-8a7813f5b37b"},"done":false}
[debug] [2026-03-01T11:46:13.362Z] [update-firebase-frameworks-esncash-us-central1-ssresncash] Retrying task index 0
[debug] [2026-03-01T11:46:13.363Z] Checked if tokens are valid: true, expires at: 1772368938699
[debug] [2026-03-01T11:46:13.363Z] Checked if tokens are valid: true, expires at: 1772368938699
[debug] [2026-03-01T11:46:13.363Z] >>> [apiv2][query] GET https://cloudfunctions.googleapis.com/v2/projects/esncash/locations/us-central1/operations/operation-1772365529570-64bf501cd5be2-f0bc16d5-3b7b6a7b [none]
[debug] [2026-03-01T11:46:14.339Z] <<< [apiv2][status] GET https://cloudfunctions.googleapis.com/v2/projects/esncash/locations/us-central1/operations/operation-1772365529570-64bf501cd5be2-f0bc16d5-3b7b6a7b 200
[debug] [2026-03-01T11:46:14.339Z] <<< [apiv2][body] GET https://cloudfunctions.googleapis.com/v2/projects/esncash/locations/us-central1/operations/operation-1772365529570-64bf501cd5be2-f0bc16d5-3b7b6a7b {"name":"projects/esncash/locations/us-central1/operations/operation-1772365529570-64bf501cd5be2-f0bc16d5-3b7b6a7b","metadata":{"@type":"type.googleapis.com/google.cloud.functions.v2.OperationMetadata","createTime":"2026-03-01T11:45:30.725701598Z","endTime":"2026-03-01T11:46:04.980111382Z","target":"projects/esncash/locations/us-central1/functions/ssresncash","verb":"update","cancelRequested":false,"apiVersion":"v2","requestResource":{"@type":"type.googleapis.com/google.cloud.functions.v2.Function","name":"projects/esncash/locations/us-central1/functions/ssresncash","buildConfig":{"runtime":"nodejs20","entryPoint":"ssresncash","source":{"storageSource":{"bucket":"gcf-v2-sources-398996048113-us-central1","object":"ssresncash/function-source.zip","generation":"1772365530553024"}},"environmentVariables":{"GOOGLE_NODE_RUN_SCRIPTS":""},"dockerRepository":"projects/esncash/locations/us-central1/repositories/gcf-artifacts","sourceProvenance":{"resolvedStorageSource":{"bucket":"gcf-v2-sources-398996048113-us-central1","object":"ssresncash/function-source.zip","generation":"1771836092562870"}},"dockerRegistry":"ARTIFACT_REGISTRY","serviceAccount":"projects/esncash/serviceAccounts/398996048113-compute@developer.gserviceaccount.com","automaticUpdatePolicy":{}},"serviceConfig":{"service":"projects/esncash/locations/us-central1/services/ssresncash","timeoutSeconds":60,"environmentVariables":{"VERCEL_URL":"esncash.web.app","__FIREBASE_FRAMEWORKS_ENTRY__":"next.js","__FIREBASE_DEFAULTS__":"{\"config\":{\"projectId\":\"esncash\",\"appId\":\"1:398996048113:web:fa4fcfb28ca2a5750f0150\",\"storageBucket\":\"esncash.firebasestorage.app\",\"apiKey\":\"AIzaSyA5E0wI6Ekgkp_YssJ_GWAHPYkVMRGDEvs\",\"authDomain\":\"esncash.firebaseapp.com\",\"messagingSenderId\":\"398996048113\",\"measurementId\":\"G-JC7W8PHC7W\",\"projectNumber\":\"398996048113\",\"version\":\"2\"},\"_authTokenSyncURL\":\"/__session\"}","FIREBASE_CONFIG":"{\"projectId\":\"esncash\",\"storageBucket\":\"esncash.firebasestorage.app\"}","GCLOUD_PROJECT":"esncash","EVENTARC_CLOUD_EVENT_SOURCE":"projects/esncash/locations/us-central1/services/ssresncash","FUNCTION_TARGET":"ssresncash","LOG_EXECUTION_ID":"true"},"ingressSettings":"ALLOW_ALL","serviceAccountEmail":"398996048113-compute@developer.gserviceaccount.com","availableMemory":"256Mi","maxInstanceRequestConcurrency":80,"availableCpu":"1"},"state":"UNKNOWN","labels":{"firebase-functions-codebase":"firebase-frameworks-esncash","firebase-functions-hash":"74e7004f76e1be656cb4ecd29948b2237b64face"},"stateMessages":[{"severity":"ERROR","type":"CloudRunServiceNotFound","message":"Cloud Run service projects/esncash/locations/us-central1/services/ssresncash for the function was not found. The function will not work correctly. Please redeploy."}],"environment":"GEN_2","url":"https://us-central1-esncash.cloudfunctions.net/ssresncash","satisfiesPzi":true},"stages":[{"name":"SERVICE","state":"NOT_STARTED"}],"operationType":"UPDATE_FUNCTION"},"done":true,"error":{"code":3,"message":"Build failed with status: FAILURE. Could not build the function due to a missing permission on the build service account. If you didn't revoke that permission explicitly, this could be caused by a change in the organization policies. Please refer to the following documentation for more details and resolution: https://cloud.google.com/functions/docs/troubleshooting#build-service-account\n You can also view the logs at https://console.cloud.google.com/cloud-build/builds;region=us-central1/2f362c04-e352-43c6-b1e4-8a7813f5b37b?project=398996048113.\n"}}
[debug] [2026-03-01T11:46:14.339Z] Got source token undefined for region us-central1
[error] Build failed with status: FAILURE. Could not build the function due to a missing permission on the build service account. If you didn't revoke that permission explicitly, this could be caused by a change in the organization policies. Please refer to the following documentation for more details and resolution: https://cloud.google.com/functions/docs/troubleshooting#build-service-account
 You can also view the logs at https://console.cloud.google.com/cloud-build/builds;region=us-central1/2f362c04-e352-43c6-b1e4-8a7813f5b37b?project=398996048113.

[debug] [2026-03-01T11:46:14.363Z] Total Function Deployment time: 45895
[debug] [2026-03-01T11:46:14.363Z] 1 Functions Deployed
[debug] [2026-03-01T11:46:14.364Z] 1 Functions Errored
[debug] [2026-03-01T11:46:14.364Z] 0 Function Deployments Aborted
[debug] [2026-03-01T11:46:14.364Z] Average Function Deployment time: 45891
[info] 
[info] Functions deploy had errors with the following functions:
	firebase-frameworks-esncash:ssresncash(us-central1)
[debug] [2026-03-01T11:46:14.678Z] Not printing URL for HTTPS function. Typically this means it didn't match a filter or we failed deployment
[info] i  functions: cleaning up build files... 
[debug] [2026-03-01T11:46:14.679Z] Checked if tokens are valid: true, expires at: 1772368938699
[debug] [2026-03-01T11:46:14.679Z] Checked if tokens are valid: true, expires at: 1772368938699
[debug] [2026-03-01T11:46:14.680Z] Checked if tokens are valid: true, expires at: 1772368938699
[debug] [2026-03-01T11:46:14.680Z] Checked if tokens are valid: true, expires at: 1772368938699
[debug] [2026-03-01T11:46:14.680Z] >>> [apiv2][query] DELETE https://artifactregistry.googleapis.com/v1/projects/esncash/locations/us-central1/repositories/gcf-artifacts/packages/esncash__us--central1__ssresncash [none]
[debug] [2026-03-01T11:46:14.681Z] >>> [apiv2][query] GET https://us.gcr.io/v2/esncash/gcf/us-central1/tags/list [none]
[debug] [2026-03-01T11:46:15.599Z] <<< [apiv2][status] GET https://us.gcr.io/v2/esncash/gcf/us-central1/tags/list 404
[debug] [2026-03-01T11:46:15.599Z] <<< [apiv2][body] GET https://us.gcr.io/v2/esncash/gcf/us-central1/tags/list {"errors":[{"code":"NAME_UNKNOWN","message":"Repository \"us.gcr.io\" not found"}]}
[debug] [2026-03-01T11:46:15.603Z] Failed docker command with error  Request to https://us.gcr.io/v2/esncash/gcf/us-central1/tags/list had HTTP Error: 404, Not Found {"name":"FirebaseError","children":[],"context":{"body":{"errors":[{"code":"NAME_UNKNOWN","message":"Repository \"us.gcr.io\" not found"}],"error":{"message":"Not Found"}},"response":{"statusCode":404}},"exit":1,"message":"Request to https://us.gcr.io/v2/esncash/gcf/us-central1/tags/list had HTTP Error: 404, Not Found","status":404}
[debug] [2026-03-01T11:46:15.607Z] Checked if tokens are valid: true, expires at: 1772368938699
[debug] [2026-03-01T11:46:15.607Z] Checked if tokens are valid: true, expires at: 1772368938699
[debug] [2026-03-01T11:46:15.607Z] >>> [apiv2][query] GET https://us.gcr.io/v2/esncash/gcf/us-central1/tags/list [none]
[debug] [2026-03-01T11:46:15.920Z] <<< [apiv2][status] DELETE https://artifactregistry.googleapis.com/v1/projects/esncash/locations/us-central1/repositories/gcf-artifacts/packages/esncash__us--central1__ssresncash 404
[debug] [2026-03-01T11:46:15.920Z] <<< [apiv2][body] DELETE https://artifactregistry.googleapis.com/v1/projects/esncash/locations/us-central1/repositories/gcf-artifacts/packages/esncash__us--central1__ssresncash {"error":{"code":404,"message":"Package \"projects/esncash/locations/us-central1/repositories/gcf-artifacts/packages/esncash__us--central1__ssresncash\" was not found.","status":"NOT_FOUND"}}
[debug] [2026-03-01T11:46:16.246Z] <<< [apiv2][status] GET https://us.gcr.io/v2/esncash/gcf/us-central1/tags/list 404
[debug] [2026-03-01T11:46:16.246Z] <<< [apiv2][body] GET https://us.gcr.io/v2/esncash/gcf/us-central1/tags/list {"errors":[{"code":"NAME_UNKNOWN","message":"Repository \"us.gcr.io\" not found"}]}
[debug] [2026-03-01T11:46:16.247Z] Failed docker command with error  Request to https://us.gcr.io/v2/esncash/gcf/us-central1/tags/list had HTTP Error: 404, Not Found {"name":"FirebaseError","children":[],"context":{"body":{"errors":[{"code":"NAME_UNKNOWN","message":"Repository \"us.gcr.io\" not found"}],"error":{"message":"Not Found"}},"response":{"statusCode":404}},"exit":1,"message":"Request to https://us.gcr.io/v2/esncash/gcf/us-central1/tags/list had HTTP Error: 404, Not Found","status":404}
[debug] [2026-03-01T11:46:16.348Z] Checked if tokens are valid: true, expires at: 1772368938699
[debug] [2026-03-01T11:46:16.349Z] Checked if tokens are valid: true, expires at: 1772368938699
[debug] [2026-03-01T11:46:16.349Z] >>> [apiv2][query] GET https://us.gcr.io/v2/esncash/gcf/us-central1/tags/list [none]
[debug] [2026-03-01T11:46:16.989Z] <<< [apiv2][status] GET https://us.gcr.io/v2/esncash/gcf/us-central1/tags/list 404
[debug] [2026-03-01T11:46:16.989Z] <<< [apiv2][body] GET https://us.gcr.io/v2/esncash/gcf/us-central1/tags/list {"errors":[{"code":"NAME_UNKNOWN","message":"Repository \"us.gcr.io\" not found"}]}
[debug] [2026-03-01T11:46:16.989Z] Failed docker command with error  Request to https://us.gcr.io/v2/esncash/gcf/us-central1/tags/list had HTTP Error: 404, Not Found {"name":"FirebaseError","children":[],"context":{"body":{"errors":[{"code":"NAME_UNKNOWN","message":"Repository \"us.gcr.io\" not found"}],"error":{"message":"Not Found"}},"response":{"statusCode":404}},"exit":1,"message":"Request to https://us.gcr.io/v2/esncash/gcf/us-central1/tags/list had HTTP Error: 404, Not Found","status":404}
[warn] ⚠  functions: Unhandled error cleaning up build images. This could result in a small monthly bill if not corrected. You can attempt to delete these images by redeploying or you can delete them manually at https://console.cloud.google.com/gcr/images/esncash/us/gcf 
[debug] [2026-03-01T11:46:16.991Z] Functions deploy failed.
[debug] [2026-03-01T11:46:16.991Z] {
  "endpoint": {
    "id": "ssresncash",
    "project": "esncash",
    "region": "us-central1",
    "entryPoint": "ssresncash",
    "platform": "gcfv2",
    "runtime": "nodejs20",
    "httpsTrigger": {},
    "labels": {
      "deployment-tool": "cli-firebase"
    },
    "ingressSettings": null,
    "availableMemoryMb": null,
    "serviceAccount": null,
    "timeoutSeconds": null,
    "maxInstances": null,
    "minInstances": null,
    "concurrency": 80,
    "vpc": null,
    "environmentVariables": {
      "VERCEL_URL": "esncash.web.app",
      "__FIREBASE_FRAMEWORKS_ENTRY__": "next.js",
      "__FIREBASE_DEFAULTS__": "{\"config\":{\"projectId\":\"esncash\",\"appId\":\"1:398996048113:web:fa4fcfb28ca2a5750f0150\",\"storageBucket\":\"esncash.firebasestorage.app\",\"apiKey\":\"AIzaSyA5E0wI6Ekgkp_YssJ_GWAHPYkVMRGDEvs\",\"authDomain\":\"esncash.firebaseapp.com\",\"messagingSenderId\":\"398996048113\",\"measurementId\":\"G-JC7W8PHC7W\",\"projectNumber\":\"398996048113\",\"version\":\"2\"},\"_authTokenSyncURL\":\"/__session\"}",
      "FIREBASE_CONFIG": "{\"projectId\":\"esncash\",\"storageBucket\":\"esncash.firebasestorage.app\"}",
      "GCLOUD_PROJECT": "esncash",
      "EVENTARC_CLOUD_EVENT_SOURCE": "projects/esncash/locations/us-central1/services/ssresncash"
    },
    "codebase": "firebase-frameworks-esncash",
    "securityLevel": "SECURE_ALWAYS",
    "cpu": 1,
    "targetedByOnly": true,
    "hash": "74e7004f76e1be656cb4ecd29948b2237b64face"
  },
  "op": "update",
  "original": {
    "name": "FirebaseError",
    "children": [],
    "exit": 1,
    "message": "Build failed with status: FAILURE. Could not build the function due to a missing permission on the build service account. If you didn't revoke that permission explicitly, this could be caused by a change in the organization policies. Please refer to the following documentation for more details and resolution: https://cloud.google.com/functions/docs/troubleshooting#build-service-account\n You can also view the logs at https://console.cloud.google.com/cloud-build/builds;region=us-central1/2f362c04-e352-43c6-b1e4-8a7813f5b37b?project=398996048113.\n",
    "original": {
      "code": 3,
      "message": "Build failed with status: FAILURE. Could not build the function due to a missing permission on the build service account. If you didn't revoke that permission explicitly, this could be caused by a change in the organization policies. Please refer to the following documentation for more details and resolution: https://cloud.google.com/functions/docs/troubleshooting#build-service-account\n You can also view the logs at https://console.cloud.google.com/cloud-build/builds;region=us-central1/2f362c04-e352-43c6-b1e4-8a7813f5b37b?project=398996048113.\n"
    },
    "status": 3,
    "code": 3
  }
}
[debug] [2026-03-01T11:46:17.312Z] Error: Failed to update function ssresncash in region us-central1
    at /Users/valentina/.nvm/versions/node/v18.20.8/lib/node_modules/firebase-tools/lib/deploy/functions/release/fabricator.js:399:19
    at process.processTicksAndRejections (node:internal/process/task_queues:95:5)
    at async Fabricator.updateV2Function (/Users/valentina/.nvm/versions/node/v18.20.8/lib/node_modules/firebase-tools/lib/deploy/functions/release/fabricator.js:388:32)
    at async Fabricator.updateEndpoint (/Users/valentina/.nvm/versions/node/v18.20.8/lib/node_modules/firebase-tools/lib/deploy/functions/release/fabricator.js:155:13)
    at async handle (/Users/valentina/.nvm/versions/node/v18.20.8/lib/node_modules/firebase-tools/lib/deploy/functions/release/fabricator.js:89:17)
[error] 
[error] Error: There was an error deploying functions
